-- phpMyAdmin SQL Dump
-- version 4.9.11
-- https://www.phpmyadmin.net/
--
-- Host: localhost:3306
-- Waktu pembuatan: 28 Feb 2023 pada 07.56
-- Versi server: 10.5.18-MariaDB-cll-lve
-- Versi PHP: 7.4.33

SET SQL_MODE = "NO_AUTO_VALUE_ON_ZERO";
SET AUTOCOMMIT = 0;
START TRANSACTION;
SET time_zone = "+00:00";


/*!40101 SET @OLD_CHARACTER_SET_CLIENT=@@CHARACTER_SET_CLIENT */;
/*!40101 SET @OLD_CHARACTER_SET_RESULTS=@@CHARACTER_SET_RESULTS */;
/*!40101 SET @OLD_COLLATION_CONNECTION=@@COLLATION_CONNECTION */;
/*!40101 SET NAMES utf8mb4 */;

--
-- Database: `kakj8266_inventory`
--

-- --------------------------------------------------------

--
-- Struktur dari tabel `aktual`
--

CREATE TABLE `aktual` (
  `id` int(5) NOT NULL,
  `id_barang` varchar(10) NOT NULL,
  `bulan` date NOT NULL,
  `nilai` int(10) NOT NULL
) ENGINE=InnoDB DEFAULT CHARSET=utf8mb4 COLLATE=utf8mb4_general_ci;

--
-- Dumping data untuk tabel `aktual`
--

INSERT INTO `aktual` (`id`, `id_barang`, `bulan`, `nilai`) VALUES
(5523, 'A10', '2021-08-01', 20),
(5524, 'A10', '2021-09-01', 25),
(5525, 'A10', '2021-10-01', 35),
(5526, 'A10', '2021-11-01', 25),
(5527, 'A10', '2021-12-01', 35),
(5528, 'A10', '2022-01-01', 45),
(5529, 'A10', '2022-02-01', 30),
(5530, 'A10', '2022-03-01', 25),
(5531, 'A10', '2022-04-01', 35),
(5532, 'A10', '2022-05-01', 45),
(5533, 'A10', '2022-06-01', 50),
(5534, 'A10', '2022-07-01', 35),
(5535, 'A10', '2023-02-01', 50);

-- --------------------------------------------------------

--
-- Struktur dari tabel `barang`
--

CREATE TABLE `barang` (
  `id_barang` varchar(20) NOT NULL,
  `nm_barang` text NOT NULL,
  `stok` int(5) NOT NULL,
  `harga` bigint(15) NOT NULL,
  `is_delete` enum('0','1') NOT NULL,
  `id_jenis` int(5) NOT NULL,
  `id_satuan` int(5) NOT NULL
) ENGINE=InnoDB DEFAULT CHARSET=utf8mb4 COLLATE=utf8mb4_general_ci;

--
-- Dumping data untuk tabel `barang`
--

INSERT INTO `barang` (`id_barang`, `nm_barang`, `stok`, `harga`, `is_delete`, `id_jenis`, `id_satuan`) VALUES
('A1', 'OPL DUCO NC METALIC STANDARD', 120, 140000, '0', 1, 1),
('A10', 'IMPRA WS 162 DARK BROWN', 85, 90000, '0', 2, 1),
('A11', 'IMPRA WS 162 B GREEN', 165, 68000, '0', 2, 1),
('A12', 'IMPRA WS WALLNUT BROWN', 135, 88000, '0', 2, 1),
('A13', 'GOLDEN CARE HONEY BROWN ', 120, 1245716, '0', 3, 2),
('A14', 'BIOCIDE SURFACE PRESERVATIVE 100GR', 525, 98000, '0', 4, 3),
('A15', 'BAYCLEAN 1000ML', 550, 17000, '0', 5, 3),
('A16', 'SOKLIN PEMUTIH 500ML', 580, 6500, '0', 5, 3),
('A17', 'AM 0549 OLD TEAK', 585, 161253, '0', 3, 3),
('A18', 'EL 87003/C', 560, 167670, '0', 6, 3),
('A19', 'AF 0618100', 450, 157320, '0', 7, 3),
('A2', 'CAT AVIAN MERAH', 210, 58500, '0', 8, 1),
('A20', 'AF 5405/00', 525, 176985, '0', 7, 3),
('A21', 'XA 4394 BROWN TAWNY', 530, 173052, '0', 8, 3),
('A3', 'CAT AVIAN PUTIH', 175, 58500, '0', 8, 1),
('A4', 'CAT BINTANG KUNING', 130, 45000, '0', 8, 1),
('A5', 'NIPPE 2000 LEMON YELLOW', 165, 65000, '0', 8, 1),
('A6', 'A GLAZE VAN DICK BLACK', 145, 120000, '0', 9, 1),
('A7', 'WS COCOA LUXOR', 185, 48000, '0', 2, 1),
('A8', 'WS SALAK LUXOR', 165, 48000, '0', 2, 1),
('A9', 'IMPRA WS 162 CANDI BROWN CA', 195, 88000, '0', 2, 1),
('KYL120104', 'Cat', 0, 20000, '1', 4, 1),
('KYL120105', 'Cat Kayu', 0, 20000, '0', 1, 1),
('MFS003', 'POLISH AXE', 210, 17000, '0', 8, 4),
('MFS004', 'PRODO EMAS', 185, 50000, '0', 8, 3),
('MFS005', 'PRODO SILVER', 280, 50000, '0', 8, 3),
('MFS007', 'U-POX', 230, 75000, '0', 8, 5),
('MFS008', 'WAX PROPAN PFW 333', 175, 86000, '0', 8, 5),
('MFS014', 'THINER GLAZE THGZ 72200-20LJ', 230, 520000, '0', 9, 6),
('MFS015', 'MILAN MSS 251', 170, 830924, '0', 10, 7),
('MFS016', 'MILAN MP 2591', 220, 1357100, '0', 10, 7),
('MFS017', 'MILAN DC 190 NEW WHITE', 235, 1124384, '0', 10, 7),
('MFS018', 'MILAN DC 190 SEMI RPF', 100, 1357100, '0', 10, 7),
('MFS019', 'IMPRA NC CLEAR DOFF', 200, 1185000, '0', 1, 7),
('MFS020', 'LUXOR MSS', 610, 170000, '0', 8, 2),
('MFS021', 'IMPRA WS BLACK', 225, 68000, '0', 2, 1),
('MFS022', 'THINER NC TRIRING', 1070, 19250, '0', 1, 1),
('MFS023', 'PARAGON', 770, 118000, '0', 8, 2),
('MFS024', 'PENTA GOLD', 710, 95000, '0', 8, 1),
('MFS025', 'NIPE SILVER', 790, 70000, '0', 8, 1),
('MFS026', 'MILAN THINER PU 71308 SA', 265, 891500, '0', 10, 6),
('MFS027', 'MILAN ML HARDENER', 680, 82750, '0', 10, 6),
('MFS028', 'IMPRA NC DOFF', 210, 1456000, '0', 1, 7),
('MFS029', 'TC LIGHT IVORY 1156', 695, 70000, '0', 11, 1),
('MFS030', 'PROPAN PUL 51307 CLEAR', 140, 1520000, '0', 8, 7),
('MFS031', 'PROPAN PUH 57202 ly', 305, 500000, '0', 8, 2),
('MFS032', 'PROPAN THNC 71100 ND', 325, 520000, '0', 8, 6),
('MFS033', 'PROPAN MEP 12003', 175, 1200000, '0', 8, 7),
('MFS034', 'IMPRA NC SANDING SEALER', 250, 964000, '0', 1, 7),
('MFS035', 'PROPAN GLAZE PCA 31100', 220, 880000, '0', 8, 2),
('MFS036', 'PU 91 sanding', 555, 90000, '0', 12, 8),
('MFS037', 'GLAZE VANDICK BROWN', 705, 120000, '0', 9, 1),
('MFS038', 'GROME EMAS KW 1', 640, 35000, '0', 13, 3),
('MFS039', 'PN NC 5467 BRILLIANT GOLD MET', 595, 93000, '0', 1, 1),
('MFS040', 'PN NC 5460 SILVER', 865, 68000, '0', 1, 1),
('MFS041', 'CAT DULUX PENTALITE 50YR08/038', 745, 165000, '0', 8, 2),
('MFS043', 'AQUA LACQUER CLEAR GLOSS', 785, 55000, '0', 14, 1),
('MFS044', 'SPET MEIJI F100', 650, 350000, '0', 15, 8),
('MFS045', 'DEMPUL ISAMU', 160, 52000, '0', 16, 9),
('MFS046', 'IMPRA WF 115 JATI', 695, 51500, '0', 8, 9),
('MFS048', 'NYL DOFF', 225, 103000, '0', 8, 1),
('MFS049', 'KUAS 1.5', 555, 3500, '0', 17, 3),
('MFS050', 'PU 91 CLEAR DOFF PROPAN', 840, 157000, '0', 12, 1),
('MFS052', 'WS SALAK IMPRA', 575, 90000, '0', 2, 1),
('MFS053', 'TEAR KUPU', 465, 22000, '0', 8, 1),
('MFS054', 'AFDUNER', 560, 8750, '0', 8, 1),
('MFS055', 'MINYAK TANAH', 790, 14500, '0', 18, 1),
('MFS056', 'KUAS ADMIRAL 2.5', 705, 8500, '0', 17, 3),
('MFS058', 'FLINKOTE', 655, 36000, '0', 8, 9),
('MFS059', 'WAX ANTI JAMUR PFW 330', 500, 123000, '0', 9, 5),
('MFS060', 'IMPRA WS COCOA', 660, 86500, '0', 2, 1),
('MFS061', 'IMPRA WS RED', 720, 88000, '0', 2, 1),
('MFS062', 'BIO POLISH BESSWAX', 225, 90000, '0', 4, 3),
('MFS063', 'DEMPUL SANPOLAK', 770, 66000, '0', 16, 1),
('MFS064', 'TC BLACK DOFF', 835, 74000, '0', 11, 1),
('MFS065', 'DEMPUL ALFA GALON', 150, 88000, '0', 16, 2),
('MFS066', 'GOLDEN CARE TEAK PROTECTOR', 205, 1217152, '0', 3, 6),
('MFS067', 'DNT EPOXY GREY', 825, 91000, '0', 19, 9),
('MFS068', 'AQUA WOOD FINISH GLOSS', 230, 72445, '0', 8, 1),
('MFS069', 'GROM PERAK', 180, 55000, '0', 13, 3),
('MFS070', 'PARAGON KG', 635, 32500, '0', 8, 9),
('MFS071', 'AQUA TEAK POLYTUR', 175, 69000, '0', 3, 1),
('MFS072', 'DEMPUL ALFA KG', 255, 35000, '0', 16, 9),
('MFS073', 'REMOVER VIP', 680, 49000, '0', 8, 1),
('MFS074', 'SH-114 WHITE IMPRA', 655, 64500, '0', 8, 1),
('MFS075', 'TC 0020 BLACK TT', 760, 66500, '0', 11, 1),
('MFS076', 'MSS PASTI GLOSS', 235, 762000, '0', 8, 7),
('MFS077', 'AGLAZE WHITE', 625, 175500, '0', 9, 1),
('MFS078', 'ML GLOSS PASTIGLOSS', 650, 185000, '0', 8, 2),
('MFS079', 'NC SS LUXOR', 720, 240000, '0', 1, 2),
('MFS080', 'BIO WHITE AGENT 250', 585, 97000, '0', 4, 6),
('MFS081', 'EPOXY DAIMARU BLACK', 240, 45000, '0', 8, 8),
('MFS082', 'WS WALLNUT LUXOR', 690, 50000, '0', 2, 1),
('MFS083', 'SELO ', 635, 35000, '0', 20, 9),
('MFS084', 'TEAK OIL ULTRA 555', 645, 36000, '0', 3, 1),
('MFS085', 'NC GLOSS IMPRA', 80, 1085000, '0', 1, 7),
('MFS086', 'HARDENER LIBERTY & NAPOLI', 700, 45000, '0', 8, 1),
('MFS087', 'NC DOFF LUXOR', 245, 856000, '0', 1, 7),
('MFS088', 'PARAGON PAIL', 270, 447000, '0', 8, 7),
('MFS089', 'AQUA LACQUER CLEAR DOFF', 710, 53000, '0', 8, 1),
('MFS090', 'GLAZE PCA MIX', 185, 900000, '0', 9, 6),
('MFS091', 'GOLDEN CARE TEAK SHILD HARDWOOD', 225, 1299392, '0', 3, 6),
('MFS092', 'XT 0590/0012 DEMPUL SAYERLACK', 660, 231990, '0', 16, 1),
('MFS093', 'TC 0001 WHITE TT', 760, 62000, '0', 11, 1),
('MFS096', 'OBAT ANTIK', 565, 280000, '0', 21, 1);

-- --------------------------------------------------------

--
-- Struktur dari tabel `brg_klr`
--

CREATE TABLE `brg_klr` (
  `id_brgklr` varchar(10) NOT NULL,
  `tgl_klr` date NOT NULL,
  `id_barang` varchar(10) NOT NULL,
  `jml_klr` int(5) NOT NULL,
  `lokasi` text NOT NULL,
  `id_user` int(5) NOT NULL
) ENGINE=InnoDB DEFAULT CHARSET=utf8mb4 COLLATE=utf8mb4_general_ci;

--
-- Dumping data untuk tabel `brg_klr`
--

INSERT INTO `brg_klr` (`id_brgklr`, `tgl_klr`, `id_barang`, `jml_klr`, `lokasi`, `id_user`) VALUES
('1', '2021-08-29', 'A1', 25, 'Finishing', 1),
('10', '2022-06-29', 'A1', 40, 'Finishing', 1),
('100', '2022-02-26', 'A17', 75, 'Finishing', 1),
('1000', '2021-12-29', 'MFS077', 70, 'Finishing', 1),
('1001', '2022-01-29', 'MFS077', 90, 'Finishing', 1),
('1002', '2022-02-26', 'MFS077', 65, 'Finishing', 1),
('1003', '2022-03-29', 'MFS077', 85, 'Finishing', 1),
('1004', '2022-04-29', 'MFS077', 65, 'Finishing', 1),
('1005', '2022-05-29', 'MFS077', 75, 'Finishing', 1),
('1006', '2022-06-29', 'MFS077', 75, 'Finishing', 1),
('1007', '2022-07-29', 'MFS077', 85, 'Finishing', 1),
('1008', '2021-08-29', 'MFS078', 65, 'Finishing', 1),
('1009', '2021-09-29', 'MFS078', 85, 'Finishing', 1),
('101', '2022-03-29', 'A17', 75, 'Finishing', 1),
('1010', '2021-10-29', 'MFS078', 65, 'Finishing', 1),
('1011', '2021-11-29', 'MFS078', 65, 'Finishing', 1),
('1012', '2021-12-29', 'MFS078', 80, 'Finishing', 1),
('1013', '2022-01-29', 'MFS078', 70, 'Finishing', 1),
('1014', '2022-02-26', 'MFS078', 80, 'Finishing', 1),
('1015', '2022-03-29', 'MFS078', 85, 'Finishing', 1),
('1016', '2022-04-29', 'MFS078', 55, 'Finishing', 1),
('1017', '2022-05-29', 'MFS078', 80, 'Finishing', 1),
('1018', '2022-06-29', 'MFS078', 85, 'Finishing', 1),
('1019', '2022-07-29', 'MFS078', 90, 'Finishing', 1),
('102', '2022-04-29', 'A17', 80, 'Finishing', 1),
('1020', '2021-08-29', 'MFS079', 75, 'Finishing', 1),
('1021', '2021-09-29', 'MFS079', 90, 'Finishing', 1),
('1022', '2021-10-29', 'MFS079', 70, 'Finishing', 1),
('1023', '2021-11-29', 'MFS079', 75, 'Finishing', 1),
('1024', '2021-12-29', 'MFS079', 70, 'Finishing', 1),
('1025', '2022-01-29', 'MFS079', 75, 'Finishing', 1),
('1026', '2022-02-26', 'MFS079', 90, 'Finishing', 1),
('1027', '2022-03-29', 'MFS079', 80, 'Finishing', 1),
('1028', '2022-04-29', 'MFS079', 90, 'Finishing', 1),
('1029', '2022-05-29', 'MFS079', 70, 'Finishing', 1),
('103', '2022-05-29', 'A17', 75, 'Finishing', 1),
('1030', '2022-06-29', 'MFS079', 90, 'Finishing', 1),
('1031', '2022-07-29', 'MFS079', 70, 'Finishing', 1),
('1032', '2021-08-29', 'MFS080', 65, 'Finishing', 1),
('1033', '2021-09-29', 'MFS080', 85, 'Finishing', 1),
('1034', '2021-10-29', 'MFS080', 60, 'Finishing', 1),
('1035', '2021-11-29', 'MFS080', 70, 'Finishing', 1),
('1036', '2021-12-29', 'MFS080', 65, 'Finishing', 1),
('1037', '2022-01-29', 'MFS080', 75, 'Finishing', 1),
('1038', '2022-02-26', 'MFS080', 65, 'Finishing', 1),
('1039', '2022-03-29', 'MFS080', 80, 'Finishing', 1),
('104', '2022-06-29', 'A17', 85, 'Finishing', 1),
('1040', '2022-04-29', 'MFS080', 70, 'Finishing', 1),
('1041', '2022-05-29', 'MFS080', 85, 'Finishing', 1),
('1042', '2022-06-29', 'MFS080', 70, 'Finishing', 1),
('1043', '2022-07-29', 'MFS080', 70, 'Finishing', 1),
('1044', '2021-08-29', 'MFS081', 20, 'Finishing', 1),
('1045', '2021-09-29', 'MFS081', 35, 'Finishing', 1),
('1046', '2021-10-29', 'MFS081', 35, 'Finishing', 1),
('1047', '2021-11-29', 'MFS081', 30, 'Finishing', 1),
('1048', '2021-12-29', 'MFS081', 35, 'Finishing', 1),
('1049', '2022-01-29', 'MFS081', 40, 'Finishing', 1),
('105', '2022-07-29', 'A17', 60, 'Finishing', 1),
('1050', '2022-02-26', 'MFS081', 35, 'Finishing', 1),
('1051', '2022-03-29', 'MFS081', 40, 'Finishing', 1),
('1052', '2022-04-29', 'MFS081', 35, 'Finishing', 1),
('1053', '2022-05-29', 'MFS081', 25, 'Finishing', 1),
('1054', '2022-06-29', 'MFS081', 30, 'Finishing', 1),
('1055', '2022-07-29', 'MFS081', 35, 'Finishing', 1),
('1056', '2021-08-29', 'MFS082', 80, 'Finishing', 1),
('1057', '2021-09-29', 'MFS082', 85, 'Finishing', 1),
('1058', '2021-10-29', 'MFS082', 90, 'Finishing', 1),
('1059', '2021-11-29', 'MFS082', 75, 'Finishing', 1),
('106', '2021-08-29', 'A18', 60, 'Finishing', 1),
('1060', '2021-12-29', 'MFS082', 75, 'Finishing', 1),
('1061', '2022-01-29', 'MFS082', 95, 'Finishing', 1),
('1062', '2022-02-26', 'MFS082', 75, 'Finishing', 1),
('1063', '2022-03-29', 'MFS082', 90, 'Finishing', 1),
('1064', '2022-04-29', 'MFS082', 60, 'Finishing', 1),
('1065', '2022-05-29', 'MFS082', 85, 'Finishing', 1),
('1066', '2022-06-29', 'MFS082', 80, 'Finishing', 1),
('1067', '2022-07-29', 'MFS082', 70, 'Finishing', 1),
('1068', '2021-08-29', 'MFS083', 80, 'Finishing', 1),
('1069', '2021-09-29', 'MFS083', 60, 'Finishing', 1),
('107', '2021-09-29', 'A18', 75, 'Finishing', 1),
('1070', '2021-10-29', 'MFS083', 75, 'Finishing', 1),
('1071', '2021-11-29', 'MFS083', 70, 'Finishing', 1),
('1072', '2021-12-29', 'MFS083', 80, 'Finishing', 1),
('1073', '2022-01-29', 'MFS083', 65, 'Finishing', 1),
('1074', '2022-02-26', 'MFS083', 70, 'Finishing', 1),
('1075', '2022-03-29', 'MFS083', 75, 'Finishing', 1),
('1076', '2022-04-29', 'MFS083', 80, 'Finishing', 1),
('1077', '2022-05-29', 'MFS083', 60, 'Finishing', 1),
('1078', '2022-06-29', 'MFS083', 75, 'Finishing', 1),
('1079', '2022-07-29', 'MFS083', 65, 'Finishing', 1),
('108', '2021-10-29', 'A18', 80, 'Finishing', 1),
('1080', '2021-08-29', 'MFS084', 80, 'Finishing', 1),
('1081', '2021-09-29', 'MFS084', 90, 'Finishing', 1),
('1082', '2021-10-29', 'MFS084', 75, 'Finishing', 1),
('1083', '2021-11-29', 'MFS084', 75, 'Finishing', 1),
('1084', '2021-12-29', 'MFS084', 80, 'Finishing', 1),
('1085', '2022-01-29', 'MFS084', 75, 'Finishing', 1),
('1086', '2022-02-26', 'MFS084', 85, 'Finishing', 1),
('1087', '2022-03-29', 'MFS084', 75, 'Finishing', 1),
('1088', '2022-04-29', 'MFS084', 70, 'Finishing', 1),
('1089', '2022-05-29', 'MFS084', 75, 'Finishing', 1),
('109', '2021-11-29', 'A18', 75, 'Finishing', 1),
('1090', '2022-06-29', 'MFS084', 85, 'Finishing', 1),
('1091', '2022-07-29', 'MFS084', 70, 'Finishing', 1),
('1092', '2022-01-29', 'MFS085', 25, 'Finishing', 1),
('1093', '2022-02-26', 'MFS085', 15, 'Finishing', 1),
('1094', '2022-03-29', 'MFS085', 20, 'Finishing', 1),
('1095', '2022-04-29', 'MFS085', 20, 'Finishing', 1),
('1096', '2022-05-29', 'MFS085', 30, 'Finishing', 1),
('1097', '2022-06-29', 'MFS085', 30, 'Finishing', 1),
('1098', '2022-07-29', 'MFS085', 15, 'Finishing', 1),
('1099', '2021-08-29', 'MFS086', 95, 'Finishing', 1),
('11', '2022-07-29', 'A1', 40, 'Finishing', 1),
('110', '2021-12-29', 'A18', 80, 'Finishing', 1),
('1100', '2021-09-29', 'MFS086', 85, 'Finishing', 1),
('1101', '2021-10-29', 'MFS086', 90, 'Finishing', 1),
('1102', '2021-11-29', 'MFS086', 70, 'Finishing', 1),
('1103', '2021-12-29', 'MFS086', 80, 'Finishing', 1),
('1104', '2022-01-29', 'MFS086', 75, 'Finishing', 1),
('1105', '2022-02-26', 'MFS086', 85, 'Finishing', 1),
('1106', '2022-03-29', 'MFS086', 80, 'Finishing', 1),
('1107', '2022-04-29', 'MFS086', 65, 'Finishing', 1),
('1108', '2022-05-29', 'MFS086', 75, 'Finishing', 1),
('1109', '2022-06-29', 'MFS086', 85, 'Finishing', 1),
('111', '2022-01-29', 'A18', 65, 'Finishing', 1),
('1110', '2022-07-29', 'MFS086', 75, 'Finishing', 1),
('1111', '2021-08-29', 'MFS087', 25, 'Finishing', 1),
('1112', '2021-09-29', 'MFS087', 30, 'Finishing', 1),
('1113', '2021-10-29', 'MFS087', 25, 'Finishing', 1),
('1114', '2021-11-29', 'MFS087', 20, 'Finishing', 1),
('1115', '2021-12-29', 'MFS087', 35, 'Finishing', 1),
('1116', '2022-01-29', 'MFS087', 35, 'Finishing', 1),
('1117', '2022-02-26', 'MFS087', 25, 'Finishing', 1),
('1118', '2022-03-29', 'MFS087', 20, 'Finishing', 1),
('1119', '2022-04-29', 'MFS087', 30, 'Finishing', 1),
('112', '2022-02-26', 'A18', 65, 'Finishing', 1),
('1120', '2022-05-29', 'MFS087', 40, 'Finishing', 1),
('1121', '2022-06-29', 'MFS087', 35, 'Finishing', 1),
('1122', '2022-07-29', 'MFS087', 35, 'Finishing', 1),
('1123', '2021-08-29', 'MFS088', 30, 'Finishing', 1),
('1124', '2021-09-29', 'MFS088', 40, 'Finishing', 1),
('1125', '2021-10-29', 'MFS088', 45, 'Finishing', 1),
('1126', '2021-11-29', 'MFS088', 35, 'Finishing', 1),
('1127', '2021-12-29', 'MFS088', 25, 'Finishing', 1),
('1128', '2022-01-29', 'MFS088', 50, 'Finishing', 1),
('1129', '2022-02-26', 'MFS088', 35, 'Finishing', 1),
('113', '2022-03-29', 'A18', 65, 'Finishing', 1),
('1130', '2022-03-29', 'MFS088', 35, 'Finishing', 1),
('1131', '2022-04-29', 'MFS088', 35, 'Finishing', 1),
('1132', '2022-05-29', 'MFS088', 30, 'Finishing', 1),
('1133', '2022-06-29', 'MFS088', 40, 'Finishing', 1),
('1134', '2022-07-29', 'MFS088', 30, 'Finishing', 1),
('1135', '2021-08-29', 'MFS089', 155, 'Finishing', 1),
('1136', '2021-09-29', 'MFS089', 175, 'Finishing', 1),
('1137', '2021-10-29', 'MFS089', 200, 'Finishing', 1),
('1138', '2021-11-29', 'MFS089', 180, 'Finishing', 1),
('1139', '2021-12-29', 'MFS089', 190, 'Finishing', 1),
('114', '2022-04-29', 'A18', 60, 'Finishing', 1),
('1140', '2022-01-29', 'MFS089', 175, 'Finishing', 1),
('1141', '2022-02-26', 'MFS089', 165, 'Finishing', 1),
('1142', '2022-03-29', 'MFS089', 200, 'Finishing', 1),
('1143', '2022-04-29', 'MFS089', 165, 'Finishing', 1),
('1144', '2022-05-29', 'MFS089', 180, 'Finishing', 1),
('1145', '2022-06-29', 'MFS089', 195, 'Finishing', 1),
('1146', '2022-07-29', 'MFS089', 185, 'Finishing', 1),
('1147', '2021-08-29', 'MFS090', 35, 'Finishing', 1),
('1148', '2021-09-29', 'MFS090', 25, 'Finishing', 1),
('1149', '2021-12-29', 'MFS090', 45, 'Finishing', 1),
('115', '2022-05-29', 'A18', 80, 'Finishing', 1),
('1150', '2022-01-29', 'MFS090', 35, 'Finishing', 1),
('1151', '2022-02-26', 'MFS090', 30, 'Finishing', 1),
('1152', '2022-04-29', 'MFS090', 30, 'Finishing', 1),
('1153', '2022-05-29', 'MFS090', 20, 'Finishing', 1),
('1154', '2022-06-29', 'MFS090', 35, 'Finishing', 1),
('1155', '2022-07-29', 'MFS090', 40, 'Finishing', 1),
('1156', '2021-08-29', 'MFS091', 35, 'Finishing', 1),
('1157', '2021-09-29', 'MFS091', 30, 'Finishing', 1),
('1158', '2021-10-29', 'MFS091', 30, 'Finishing', 1),
('1159', '2021-11-29', 'MFS091', 35, 'Finishing', 1),
('116', '2022-06-29', 'A18', 75, 'Finishing', 1),
('1160', '2021-12-29', 'MFS091', 30, 'Finishing', 1),
('1161', '2022-01-29', 'MFS091', 30, 'Finishing', 1),
('1162', '2022-02-26', 'MFS091', 25, 'Finishing', 1),
('1163', '2022-03-29', 'MFS091', 20, 'Finishing', 1),
('1164', '2022-04-29', 'MFS091', 35, 'Finishing', 1),
('1165', '2022-05-29', 'MFS091', 25, 'Finishing', 1),
('1166', '2022-06-29', 'MFS091', 35, 'Finishing', 1),
('1167', '2022-07-29', 'MFS091', 30, 'Finishing', 1),
('1168', '2021-08-29', 'MFS092', 175, 'Finishing', 1),
('1169', '2021-09-29', 'MFS092', 190, 'Finishing', 1),
('117', '2022-07-29', 'A18', 100, 'Finishing', 1),
('1170', '2021-10-29', 'MFS092', 180, 'Finishing', 1),
('1171', '2021-11-29', 'MFS092', 185, 'Finishing', 1),
('1172', '2021-12-29', 'MFS092', 235, 'Finishing', 1),
('1173', '2022-01-29', 'MFS092', 130, 'Finishing', 1),
('1174', '2022-02-26', 'MFS092', 75, 'Finishing', 1),
('1175', '2022-03-29', 'MFS092', 115, 'Finishing', 1),
('1176', '2022-04-29', 'MFS092', 85, 'Finishing', 1),
('1177', '2022-05-29', 'MFS092', 90, 'Finishing', 1),
('1178', '2022-06-29', 'MFS092', 95, 'Finishing', 1),
('1179', '2022-07-29', 'MFS092', 120, 'Finishing', 1),
('118', '2021-08-29', 'A19', 60, 'Finishing', 1),
('1180', '2021-08-29', 'MFS093', 220, 'Finishing', 1),
('1181', '2021-09-29', 'MFS093', 235, 'Finishing', 1),
('1182', '2021-10-29', 'MFS093', 205, 'Finishing', 1),
('1183', '2021-11-29', 'MFS093', 200, 'Finishing', 1),
('1184', '2021-12-29', 'MFS093', 185, 'Finishing', 1),
('1185', '2022-01-29', 'MFS093', 170, 'Finishing', 1),
('1186', '2022-02-26', 'MFS093', 185, 'Finishing', 1),
('1187', '2022-03-29', 'MFS093', 165, 'Finishing', 1),
('1188', '2022-04-29', 'MFS093', 170, 'Finishing', 1),
('1189', '2022-05-29', 'MFS093', 155, 'Finishing', 1),
('119', '2021-09-29', 'A19', 60, 'Finishing', 1),
('1190', '2022-06-29', 'MFS093', 160, 'Finishing', 1),
('1191', '2022-07-29', 'MFS093', 145, 'Finishing', 1),
('1192', '2021-08-29', 'MFS096', 245, 'Finishing', 1),
('1193', '2021-09-29', 'MFS096', 265, 'Finishing', 1),
('1194', '2021-10-29', 'MFS096', 250, 'Finishing', 1),
('1195', '2021-11-29', 'MFS096', 235, 'Finishing', 1),
('1196', '2021-12-29', 'MFS096', 265, 'Finishing', 1),
('1197', '2022-01-29', 'MFS096', 210, 'Finishing', 1),
('1198', '2022-02-26', 'MFS096', 195, 'Finishing', 1),
('1199', '2022-03-29', 'MFS096', 205, 'Finishing', 1),
('12', '2021-08-29', 'A10', 20, 'Finishing', 1),
('120', '2021-10-29', 'A19', 75, 'Finishing', 1),
('1200', '2022-04-29', 'MFS096', 190, 'Finishing', 1),
('1201', '2022-05-29', 'MFS096', 180, 'Finishing', 1),
('1202', '2022-06-29', 'MFS096', 200, 'Finishing', 1),
('121', '2021-11-29', 'A19', 60, 'Finishing', 1),
('122', '2021-12-29', 'A19', 75, 'Finishing', 1),
('123', '2022-01-29', 'A19', 65, 'Finishing', 1),
('124', '2022-02-26', 'A19', 80, 'Finishing', 1),
('125', '2022-03-29', 'A19', 85, 'Finishing', 1),
('126', '2022-04-29', 'A19', 75, 'Finishing', 1),
('127', '2022-05-29', 'A19', 65, 'Finishing', 1),
('128', '2022-06-29', 'A19', 85, 'Finishing', 1),
('129', '2022-07-29', 'A19', 70, 'Finishing', 1),
('13', '2021-09-29', 'A10', 25, 'Finishing', 1),
('130', '2021-08-29', 'A2', 20, 'Finishing', 1),
('131', '2021-09-29', 'A2', 30, 'Finishing', 1),
('132', '2021-10-29', 'A2', 25, 'Finishing', 1),
('133', '2021-11-29', 'A2', 30, 'Finishing', 1),
('134', '2021-12-29', 'A2', 35, 'Finishing', 1),
('135', '2022-01-29', 'A2', 25, 'Finishing', 1),
('136', '2022-02-26', 'A2', 40, 'Finishing', 1),
('137', '2022-03-29', 'A2', 35, 'Finishing', 1),
('138', '2022-04-29', 'A2', 40, 'Finishing', 1),
('139', '2022-05-29', 'A2', 35, 'Finishing', 1),
('14', '2021-10-29', 'A10', 35, 'Finishing', 1),
('140', '2022-06-29', 'A2', 40, 'Finishing', 1),
('141', '2022-07-29', 'A2', 35, 'Finishing', 1),
('142', '2021-08-29', 'A20', 65, 'Finishing', 1),
('143', '2021-09-29', 'A20', 65, 'Finishing', 1),
('144', '2021-10-29', 'A20', 75, 'Finishing', 1),
('145', '2021-11-29', 'A20', 65, 'Finishing', 1),
('146', '2021-12-29', 'A20', 75, 'Finishing', 1),
('147', '2022-01-29', 'A20', 65, 'Finishing', 1),
('148', '2022-02-26', 'A20', 70, 'Finishing', 1),
('149', '2022-03-29', 'A20', 65, 'Finishing', 1),
('15', '2021-11-29', 'A10', 25, 'Finishing', 1),
('150', '2022-04-29', 'A20', 75, 'Finishing', 1),
('151', '2022-05-29', 'A20', 70, 'Finishing', 1),
('152', '2022-06-29', 'A20', 70, 'Finishing', 1),
('153', '2022-07-29', 'A20', 65, 'Finishing', 1),
('154', '2021-08-29', 'A21', 65, 'Finishing', 1),
('155', '2021-09-29', 'A21', 70, 'Finishing', 1),
('156', '2021-10-29', 'A21', 75, 'Finishing', 1),
('157', '2021-11-29', 'A21', 70, 'Finishing', 1),
('158', '2021-12-29', 'A21', 75, 'Finishing', 1),
('159', '2022-01-29', 'A21', 85, 'Finishing', 1),
('16', '2021-12-29', 'A10', 35, 'Finishing', 1),
('160', '2022-02-26', 'A21', 65, 'Finishing', 1),
('161', '2022-03-29', 'A21', 85, 'Finishing', 1),
('162', '2022-04-29', 'A21', 85, 'Finishing', 1),
('163', '2022-05-29', 'A21', 70, 'Finishing', 1),
('164', '2022-06-29', 'A21', 65, 'Finishing', 1),
('165', '2022-07-29', 'A21', 75, 'Finishing', 1),
('166', '2021-08-29', 'A3', 25, 'Finishing', 1),
('167', '2021-09-29', 'A3', 30, 'Finishing', 1),
('168', '2021-10-29', 'A3', 30, 'Finishing', 1),
('169', '2021-11-29', 'A3', 20, 'Finishing', 1),
('17', '2022-01-29', 'A10', 45, 'Finishing', 1),
('170', '2021-12-29', 'A3', 25, 'Finishing', 1),
('171', '2022-01-29', 'A3', 30, 'Finishing', 1),
('172', '2022-02-26', 'A3', 35, 'Finishing', 1),
('173', '2022-03-29', 'A3', 25, 'Finishing', 1),
('174', '2022-04-29', 'A3', 30, 'Finishing', 1),
('175', '2022-05-29', 'A3', 40, 'Finishing', 1),
('176', '2022-06-29', 'A3', 25, 'Finishing', 1),
('177', '2022-07-29', 'A3', 30, 'Finishing', 1),
('178', '2021-08-29', 'A4', 20, 'Finishing', 1),
('179', '2021-09-29', 'A4', 30, 'Finishing', 1),
('18', '2022-02-26', 'A10', 30, 'Finishing', 1),
('180', '2021-10-29', 'A4', 30, 'Finishing', 1),
('181', '2021-11-29', 'A4', 25, 'Finishing', 1),
('182', '2021-12-29', 'A4', 35, 'Finishing', 1),
('183', '2022-01-29', 'A4', 40, 'Finishing', 1),
('184', '2022-02-26', 'A4', 20, 'Finishing', 1),
('185', '2022-03-29', 'A4', 35, 'Finishing', 1),
('186', '2022-04-29', 'A4', 35, 'Finishing', 1),
('187', '2022-05-29', 'A4', 20, 'Finishing', 1),
('188', '2022-06-29', 'A4', 25, 'Finishing', 1),
('189', '2022-07-29', 'A4', 30, 'Finishing', 1),
('19', '2022-03-29', 'A10', 25, 'Finishing', 1),
('190', '2021-08-29', 'A5', 20, 'Finishing', 1),
('191', '2021-09-29', 'A5', 30, 'Finishing', 1),
('192', '2021-10-29', 'A5', 35, 'Finishing', 1),
('193', '2021-11-29', 'A5', 40, 'Finishing', 1),
('194', '2021-12-29', 'A5', 30, 'Finishing', 1),
('195', '2022-01-29', 'A5', 45, 'Finishing', 1),
('196', '2022-02-26', 'A5', 35, 'Finishing', 1),
('197', '2022-03-29', 'A5', 30, 'Finishing', 1),
('198', '2022-04-29', 'A5', 50, 'Finishing', 1),
('199', '2022-05-29', 'A5', 30, 'Finishing', 1),
('2', '2021-09-29', 'A1', 35, 'Finishing', 1),
('20', '2022-04-29', 'A10', 35, 'Finishing', 1),
('200', '2022-06-29', 'A5', 35, 'Finishing', 1),
('201', '2022-07-29', 'A5', 40, 'Finishing', 1),
('202', '2021-08-29', 'A6', 25, 'Finishing', 1),
('203', '2021-09-29', 'A6', 40, 'Finishing', 1),
('204', '2021-10-29', 'A6', 30, 'Finishing', 1),
('205', '2021-11-29', 'A6', 35, 'Finishing', 1),
('206', '2021-12-29', 'A6', 30, 'Finishing', 1),
('207', '2022-01-29', 'A6', 40, 'Finishing', 1),
('208', '2022-02-26', 'A6', 35, 'Finishing', 1),
('209', '2022-03-29', 'A6', 30, 'Finishing', 1),
('21', '2022-05-29', 'A10', 45, 'Finishing', 1),
('210', '2022-04-29', 'A6', 25, 'Finishing', 1),
('211', '2022-05-29', 'A6', 40, 'Finishing', 1),
('212', '2022-06-29', 'A6', 25, 'Finishing', 1),
('213', '2022-07-29', 'A6', 35, 'Finishing', 1),
('214', '2021-08-29', 'A7', 20, 'Finishing', 1),
('215', '2021-09-29', 'A7', 30, 'Finishing', 1),
('216', '2021-10-29', 'A7', 25, 'Finishing', 1),
('217', '2021-11-29', 'A7', 35, 'Finishing', 1),
('218', '2021-12-29', 'A7', 25, 'Finishing', 1),
('219', '2022-01-29', 'A7', 45, 'Finishing', 1),
('22', '2022-06-29', 'A10', 50, 'Finishing', 1),
('220', '2022-02-26', 'A7', 50, 'Finishing', 1),
('221', '2022-03-29', 'A7', 35, 'Finishing', 1),
('222', '2022-04-29', 'A7', 40, 'Finishing', 1),
('223', '2022-05-29', 'A7', 25, 'Finishing', 1),
('224', '2022-06-29', 'A7', 30, 'Finishing', 1),
('225', '2022-07-29', 'A7', 35, 'Finishing', 1),
('226', '2021-08-29', 'A8', 30, 'Finishing', 1),
('227', '2021-09-29', 'A8', 20, 'Finishing', 1),
('228', '2021-10-29', 'A8', 30, 'Finishing', 1),
('229', '2021-11-29', 'A8', 30, 'Finishing', 1),
('23', '2022-07-29', 'A10', 35, 'Finishing', 1),
('230', '2021-12-29', 'A8', 35, 'Finishing', 1),
('231', '2022-01-29', 'A8', 35, 'Finishing', 1),
('232', '2022-02-26', 'A8', 45, 'Finishing', 1),
('233', '2022-03-29', 'A8', 30, 'Finishing', 1),
('234', '2022-04-29', 'A8', 30, 'Finishing', 1),
('235', '2022-05-29', 'A8', 35, 'Finishing', 1),
('236', '2022-06-29', 'A8', 25, 'Finishing', 1),
('237', '2022-07-29', 'A8', 20, 'Finishing', 1),
('238', '2021-08-29', 'A9', 25, 'Finishing', 1),
('239', '2021-09-29', 'A9', 35, 'Finishing', 1),
('24', '2021-08-29', 'A11', 20, 'Finishing', 1),
('240', '2021-10-29', 'A9', 35, 'Finishing', 1),
('241', '2021-11-29', 'A9', 30, 'Finishing', 1),
('242', '2021-12-29', 'A9', 45, 'Finishing', 1),
('243', '2022-01-29', 'A9', 45, 'Finishing', 1),
('244', '2022-02-26', 'A9', 40, 'Finishing', 1),
('245', '2022-03-29', 'A9', 55, 'Finishing', 1),
('246', '2022-04-29', 'A9', 30, 'Finishing', 1),
('247', '2022-05-29', 'A9', 35, 'Finishing', 1),
('248', '2022-06-29', 'A9', 35, 'Finishing', 1),
('249', '2022-07-29', 'A9', 45, 'Finishing', 1),
('25', '2021-09-29', 'A11', 25, 'Finishing', 1),
('250', '2021-08-29', 'MFS003', 30, 'Finishing', 1),
('251', '2021-09-29', 'MFS003', 25, 'Finishing', 1),
('252', '2021-10-29', 'MFS003', 35, 'Finishing', 1),
('253', '2021-11-29', 'MFS003', 40, 'Finishing', 1),
('254', '2021-12-29', 'MFS003', 35, 'Finishing', 1),
('255', '2022-01-29', 'MFS003', 40, 'Finishing', 1),
('256', '2022-02-26', 'MFS003', 35, 'Finishing', 1),
('257', '2022-03-29', 'MFS003', 55, 'Finishing', 1),
('258', '2022-04-29', 'MFS003', 40, 'Finishing', 1),
('259', '2022-05-29', 'MFS003', 30, 'Finishing', 1),
('26', '2021-10-29', 'A11', 30, 'Finishing', 1),
('260', '2022-06-29', 'MFS003', 30, 'Finishing', 1),
('261', '2022-07-29', 'MFS003', 50, 'Finishing', 1),
('262', '2021-08-29', 'MFS004', 20, 'Finishing', 1),
('263', '2021-09-29', 'MFS004', 30, 'Finishing', 1),
('264', '2021-10-29', 'MFS004', 35, 'Finishing', 1),
('265', '2021-11-29', 'MFS004', 30, 'Finishing', 1),
('266', '2021-12-29', 'MFS004', 25, 'Finishing', 1),
('267', '2022-01-29', 'MFS004', 45, 'Finishing', 1),
('268', '2022-02-26', 'MFS004', 30, 'Finishing', 1),
('269', '2022-03-29', 'MFS004', 45, 'Finishing', 1),
('27', '2021-11-29', 'A11', 30, 'Finishing', 1),
('270', '2022-04-29', 'MFS004', 25, 'Finishing', 1),
('271', '2022-05-29', 'MFS004', 35, 'Finishing', 1),
('272', '2022-06-29', 'MFS004', 40, 'Finishing', 1),
('273', '2022-07-29', 'MFS004', 35, 'Finishing', 1),
('274', '2021-08-29', 'MFS005', 20, 'Finishing', 1),
('275', '2021-09-29', 'MFS005', 25, 'Finishing', 1),
('276', '2021-10-29', 'MFS005', 40, 'Finishing', 1),
('277', '2021-11-29', 'MFS005', 35, 'Finishing', 1),
('278', '2021-12-29', 'MFS005', 40, 'Finishing', 1),
('279', '2022-01-29', 'MFS005', 45, 'Finishing', 1),
('28', '2021-12-29', 'A11', 35, 'Finishing', 1),
('280', '2022-02-26', 'MFS005', 55, 'Finishing', 1),
('281', '2022-03-29', 'MFS005', 50, 'Finishing', 1),
('282', '2022-04-29', 'MFS005', 55, 'Finishing', 1),
('283', '2022-05-29', 'MFS005', 30, 'Finishing', 1),
('284', '2022-06-29', 'MFS005', 25, 'Finishing', 1),
('285', '2022-07-29', 'MFS005', 50, 'Finishing', 1),
('286', '2021-08-29', 'MFS007', 25, 'Finishing', 1),
('287', '2021-09-29', 'MFS007', 45, 'Finishing', 1),
('288', '2021-10-29', 'MFS007', 55, 'Finishing', 1),
('289', '2021-11-29', 'MFS007', 35, 'Finishing', 1),
('29', '2022-01-29', 'A11', 30, 'Finishing', 1),
('290', '2021-12-29', 'MFS007', 25, 'Finishing', 1),
('291', '2022-01-29', 'MFS007', 30, 'Finishing', 1),
('292', '2022-02-26', 'MFS007', 40, 'Finishing', 1),
('293', '2022-03-29', 'MFS007', 45, 'Finishing', 1),
('294', '2022-04-29', 'MFS007', 35, 'Finishing', 1),
('295', '2022-05-29', 'MFS007', 20, 'Finishing', 1),
('296', '2022-06-29', 'MFS007', 35, 'Finishing', 1),
('297', '2022-07-29', 'MFS007', 30, 'Finishing', 1),
('298', '2021-08-29', 'MFS008', 20, 'Finishing', 1),
('299', '2021-09-29', 'MFS008', 25, 'Finishing', 1),
('3', '2021-10-29', 'A1', 25, 'Finishing', 1),
('30', '2022-02-26', 'A11', 40, 'Finishing', 1),
('300', '2021-10-29', 'MFS008', 20, 'Finishing', 1),
('301', '2021-11-29', 'MFS008', 30, 'Finishing', 1),
('302', '2021-12-29', 'MFS008', 20, 'Finishing', 1),
('303', '2022-01-29', 'MFS008', 25, 'Finishing', 1),
('304', '2022-02-26', 'MFS008', 30, 'Finishing', 1),
('305', '2022-03-29', 'MFS008', 35, 'Finishing', 1),
('306', '2022-04-29', 'MFS008', 45, 'Finishing', 1),
('307', '2022-05-29', 'MFS008', 25, 'Finishing', 1),
('308', '2022-06-29', 'MFS008', 30, 'Finishing', 1),
('309', '2022-07-29', 'MFS008', 35, 'Finishing', 1),
('31', '2022-03-29', 'A11', 35, 'Finishing', 1),
('310', '2021-08-29', 'MFS014', 35, 'Finishing', 1),
('311', '2021-09-29', 'MFS014', 30, 'Finishing', 1),
('312', '2021-10-29', 'MFS014', 25, 'Finishing', 1),
('313', '2021-11-29', 'MFS014', 35, 'Finishing', 1),
('314', '2021-12-29', 'MFS014', 40, 'Finishing', 1),
('315', '2022-01-29', 'MFS014', 35, 'Finishing', 1),
('316', '2022-02-26', 'MFS014', 30, 'Finishing', 1),
('317', '2022-03-29', 'MFS014', 25, 'Finishing', 1),
('318', '2022-04-29', 'MFS014', 30, 'Finishing', 1),
('319', '2022-05-29', 'MFS014', 25, 'Finishing', 1),
('32', '2022-04-29', 'A11', 20, 'Finishing', 1),
('320', '2022-06-29', 'MFS014', 30, 'Finishing', 1),
('321', '2022-07-29', 'MFS014', 30, 'Finishing', 1),
('322', '2021-08-29', 'MFS015', 25, 'Finishing', 1),
('323', '2021-09-29', 'MFS015', 15, 'Finishing', 1),
('324', '2021-10-29', 'MFS015', 20, 'Finishing', 1),
('325', '2021-11-29', 'MFS015', 25, 'Finishing', 1),
('326', '2021-12-29', 'MFS015', 20, 'Finishing', 1),
('327', '2022-01-29', 'MFS015', 20, 'Finishing', 1),
('328', '2022-02-26', 'MFS015', 15, 'Finishing', 1),
('329', '2022-03-29', 'MFS015', 25, 'Finishing', 1),
('33', '2022-05-29', 'A11', 30, 'Finishing', 1),
('330', '2022-04-29', 'MFS015', 25, 'Finishing', 1),
('331', '2022-05-29', 'MFS015', 25, 'Finishing', 1),
('332', '2022-06-29', 'MFS015', 25, 'Finishing', 1),
('333', '2022-07-29', 'MFS015', 20, 'Finishing', 1),
('334', '2021-08-29', 'MFS016', 25, 'Finishing', 1),
('335', '2021-09-29', 'MFS016', 35, 'Finishing', 1),
('336', '2021-10-29', 'MFS016', 30, 'Finishing', 1),
('337', '2021-11-29', 'MFS016', 25, 'Finishing', 1),
('338', '2022-02-26', 'MFS016', 25, 'Finishing', 1),
('339', '2022-03-29', 'MFS016', 45, 'Finishing', 1),
('34', '2022-06-29', 'A11', 30, 'Finishing', 1),
('340', '2022-04-29', 'MFS016', 40, 'Finishing', 1),
('341', '2022-05-29', 'MFS016', 30, 'Finishing', 1),
('342', '2022-06-29', 'MFS016', 35, 'Finishing', 1),
('343', '2022-07-29', 'MFS016', 30, 'Finishing', 1),
('344', '2021-08-29', 'MFS017', 25, 'Finishing', 1),
('345', '2021-09-29', 'MFS017', 30, 'Finishing', 1),
('346', '2021-10-29', 'MFS017', 30, 'Finishing', 1),
('347', '2021-11-29', 'MFS017', 25, 'Finishing', 1),
('348', '2021-12-29', 'MFS017', 30, 'Finishing', 1),
('349', '2022-01-29', 'MFS017', 35, 'Finishing', 1),
('35', '2022-07-29', 'A11', 40, 'Finishing', 1),
('350', '2022-02-26', 'MFS017', 25, 'Finishing', 1),
('351', '2022-03-29', 'MFS017', 35, 'Finishing', 1),
('352', '2022-04-29', 'MFS017', 40, 'Finishing', 1),
('353', '2022-05-29', 'MFS017', 30, 'Finishing', 1),
('354', '2022-06-29', 'MFS017', 25, 'Finishing', 1),
('355', '2022-07-29', 'MFS017', 20, 'Finishing', 1),
('356', '2021-08-29', 'MFS018', 30, 'Finishing', 1),
('357', '2021-09-29', 'MFS018', 25, 'Finishing', 1),
('358', '2021-10-29', 'MFS018', 35, 'Finishing', 1),
('359', '2022-02-26', 'MFS018', 20, 'Finishing', 1),
('36', '2021-08-29', 'A12', 25, 'Finishing', 1),
('360', '2022-03-29', 'MFS018', 30, 'Finishing', 1),
('361', '2022-06-29', 'MFS018', 25, 'Finishing', 1),
('362', '2022-07-29', 'MFS018', 25, 'Finishing', 1),
('363', '2021-08-29', 'MFS019', 30, 'Finishing', 1),
('364', '2021-09-29', 'MFS019', 15, 'Finishing', 1),
('365', '2021-10-29', 'MFS019', 25, 'Finishing', 1),
('366', '2021-11-29', 'MFS019', 35, 'Finishing', 1),
('367', '2021-12-29', 'MFS019', 25, 'Finishing', 1),
('368', '2022-01-29', 'MFS019', 25, 'Finishing', 1),
('369', '2022-02-26', 'MFS019', 30, 'Finishing', 1),
('37', '2021-09-29', 'A12', 40, 'Finishing', 1),
('370', '2022-04-29', 'MFS019', 20, 'Finishing', 1),
('371', '2022-05-29', 'MFS019', 35, 'Finishing', 1),
('372', '2022-06-29', 'MFS019', 20, 'Finishing', 1),
('373', '2022-07-29', 'MFS019', 25, 'Finishing', 1),
('374', '2021-08-29', 'MFS020', 65, 'Finishing', 1),
('375', '2021-09-29', 'MFS020', 75, 'Finishing', 1),
('376', '2021-10-29', 'MFS020', 70, 'Finishing', 1),
('377', '2021-11-29', 'MFS020', 85, 'Finishing', 1),
('378', '2021-12-29', 'MFS020', 90, 'Finishing', 1),
('379', '2022-01-29', 'MFS020', 85, 'Finishing', 1),
('38', '2021-10-29', 'A12', 30, 'Finishing', 1),
('380', '2022-02-26', 'MFS020', 55, 'Finishing', 1),
('381', '2022-03-29', 'MFS020', 75, 'Finishing', 1),
('382', '2022-04-29', 'MFS020', 90, 'Finishing', 1),
('383', '2022-05-29', 'MFS020', 80, 'Finishing', 1),
('384', '2022-06-29', 'MFS020', 75, 'Finishing', 1),
('385', '2022-07-29', 'MFS020', 75, 'Finishing', 1),
('386', '2021-08-29', 'MFS021', 25, 'Finishing', 1),
('387', '2021-09-29', 'MFS021', 25, 'Finishing', 1),
('388', '2021-10-29', 'MFS021', 25, 'Finishing', 1),
('389', '2021-11-29', 'MFS021', 25, 'Finishing', 1),
('39', '2021-11-29', 'A12', 25, 'Finishing', 1),
('390', '2021-12-29', 'MFS021', 20, 'Finishing', 1),
('391', '2022-01-29', 'MFS021', 40, 'Finishing', 1),
('392', '2022-02-26', 'MFS021', 20, 'Finishing', 1),
('393', '2022-03-29', 'MFS021', 25, 'Finishing', 1),
('394', '2022-04-29', 'MFS021', 35, 'Finishing', 1),
('395', '2022-05-29', 'MFS021', 30, 'Finishing', 1),
('396', '2022-06-29', 'MFS021', 25, 'Finishing', 1),
('397', '2022-07-29', 'MFS021', 40, 'Finishing', 1),
('398', '2021-08-29', 'MFS022', 215, 'Finishing', 1),
('399', '2021-09-29', 'MFS022', 205, 'Finishing', 1),
('4', '2021-11-29', 'A1', 40, 'Finishing', 1),
('40', '2021-12-29', 'A12', 35, 'Finishing', 1),
('400', '2021-10-29', 'MFS022', 245, 'Finishing', 1),
('401', '2021-11-29', 'MFS022', 250, 'Finishing', 1),
('402', '2021-12-29', 'MFS022', 265, 'Finishing', 1),
('403', '2022-01-29', 'MFS022', 210, 'Finishing', 1),
('404', '2022-02-26', 'MFS022', 245, 'Finishing', 1),
('405', '2022-03-29', 'MFS022', 195, 'Finishing', 1),
('406', '2022-04-29', 'MFS022', 200, 'Finishing', 1),
('407', '2022-05-29', 'MFS022', 180, 'Finishing', 1),
('408', '2022-06-29', 'MFS022', 205, 'Finishing', 1),
('409', '2022-07-29', 'MFS022', 245, 'Finishing', 1),
('41', '2022-01-29', 'A12', 35, 'Finishing', 1),
('410', '2021-08-29', 'MFS023', 145, 'Finishing', 1),
('411', '2021-09-29', 'MFS023', 190, 'Finishing', 1),
('412', '2021-10-29', 'MFS023', 205, 'Finishing', 1),
('413', '2021-11-29', 'MFS023', 195, 'Finishing', 1),
('414', '2021-12-29', 'MFS023', 205, 'Finishing', 1),
('415', '2022-01-29', 'MFS023', 200, 'Finishing', 1),
('416', '2022-02-26', 'MFS023', 180, 'Finishing', 1),
('417', '2022-03-29', 'MFS023', 190, 'Finishing', 1),
('418', '2022-04-29', 'MFS023', 185, 'Finishing', 1),
('419', '2022-05-29', 'MFS023', 200, 'Finishing', 1),
('42', '2022-02-26', 'A12', 35, 'Finishing', 1),
('420', '2022-06-29', 'MFS023', 165, 'Finishing', 1),
('421', '2022-07-29', 'MFS023', 155, 'Finishing', 1),
('422', '2021-08-29', 'MFS024', 75, 'Finishing', 1),
('423', '2021-09-29', 'MFS024', 105, 'Finishing', 1),
('424', '2021-10-29', 'MFS024', 105, 'Finishing', 1),
('425', '2021-11-29', 'MFS024', 85, 'Finishing', 1),
('426', '2021-12-29', 'MFS024', 100, 'Finishing', 1),
('427', '2022-01-29', 'MFS024', 65, 'Finishing', 1),
('428', '2022-02-26', 'MFS024', 75, 'Finishing', 1),
('429', '2022-03-29', 'MFS024', 60, 'Finishing', 1),
('43', '2022-03-29', 'A12', 25, 'Finishing', 1),
('430', '2022-04-29', 'MFS024', 65, 'Finishing', 1),
('431', '2022-05-29', 'MFS024', 55, 'Finishing', 1),
('432', '2022-06-29', 'MFS024', 50, 'Finishing', 1),
('433', '2022-07-29', 'MFS024', 85, 'Finishing', 1),
('434', '2021-08-29', 'MFS025', 65, 'Finishing', 1),
('435', '2021-09-29', 'MFS025', 80, 'Finishing', 1),
('436', '2021-10-29', 'MFS025', 100, 'Finishing', 1),
('437', '2021-11-29', 'MFS025', 70, 'Finishing', 1),
('438', '2021-12-29', 'MFS025', 75, 'Finishing', 1),
('439', '2022-01-29', 'MFS025', 75, 'Finishing', 1),
('44', '2022-04-29', 'A12', 30, 'Finishing', 1),
('440', '2022-02-26', 'MFS025', 75, 'Finishing', 1),
('441', '2022-03-29', 'MFS025', 70, 'Finishing', 1),
('442', '2022-04-29', 'MFS025', 65, 'Finishing', 1),
('443', '2022-05-29', 'MFS025', 80, 'Finishing', 1),
('444', '2022-06-29', 'MFS025', 70, 'Finishing', 1),
('445', '2022-07-29', 'MFS025', 95, 'Finishing', 1),
('446', '2021-08-29', 'MFS026', 35, 'Finishing', 1),
('447', '2021-09-29', 'MFS026', 30, 'Finishing', 1),
('448', '2021-10-29', 'MFS026', 20, 'Finishing', 1),
('449', '2021-11-29', 'MFS026', 35, 'Finishing', 1),
('45', '2022-05-29', 'A12', 40, 'Finishing', 1),
('450', '2021-12-29', 'MFS026', 45, 'Finishing', 1),
('451', '2022-01-29', 'MFS026', 35, 'Finishing', 1),
('452', '2022-02-26', 'MFS026', 20, 'Finishing', 1),
('453', '2022-03-29', 'MFS026', 25, 'Finishing', 1),
('454', '2022-04-29', 'MFS026', 30, 'Finishing', 1),
('455', '2022-05-29', 'MFS026', 35, 'Finishing', 1),
('456', '2022-06-29', 'MFS026', 25, 'Finishing', 1),
('457', '2022-07-29', 'MFS026', 30, 'Finishing', 1),
('458', '2021-08-29', 'MFS027', 180, 'Finishing', 1),
('459', '2021-09-29', 'MFS027', 200, 'Finishing', 1),
('46', '2022-06-29', 'A12', 35, 'Finishing', 1),
('460', '2021-10-29', 'MFS027', 190, 'Finishing', 1),
('461', '2021-11-29', 'MFS027', 180, 'Finishing', 1),
('462', '2021-12-29', 'MFS027', 195, 'Finishing', 1),
('463', '2022-01-29', 'MFS027', 175, 'Finishing', 1),
('464', '2022-02-26', 'MFS027', 195, 'Finishing', 1),
('465', '2022-03-29', 'MFS027', 185, 'Finishing', 1),
('466', '2022-04-29', 'MFS027', 165, 'Finishing', 1),
('467', '2022-05-29', 'MFS027', 200, 'Finishing', 1),
('468', '2022-06-29', 'MFS027', 175, 'Finishing', 1),
('469', '2022-07-29', 'MFS027', 190, 'Finishing', 1),
('47', '2022-07-29', 'A12', 35, 'Finishing', 1),
('470', '2021-08-29', 'MFS028', 30, 'Finishing', 1),
('471', '2021-09-29', 'MFS028', 35, 'Finishing', 1),
('472', '2021-10-29', 'MFS028', 30, 'Finishing', 1),
('473', '2021-11-29', 'MFS028', 30, 'Finishing', 1),
('474', '2021-12-29', 'MFS028', 20, 'Finishing', 1),
('475', '2022-01-29', 'MFS028', 35, 'Finishing', 1),
('476', '2022-02-26', 'MFS028', 20, 'Finishing', 1),
('477', '2022-04-29', 'MFS028', 30, 'Finishing', 1),
('478', '2022-05-29', 'MFS028', 20, 'Finishing', 1),
('479', '2022-06-29', 'MFS028', 25, 'Finishing', 1),
('48', '2021-08-29', 'A13', 15, 'Finishing', 1),
('480', '2022-07-29', 'MFS028', 30, 'Finishing', 1),
('481', '2021-08-29', 'MFS029', 85, 'Finishing', 1),
('482', '2021-09-29', 'MFS029', 90, 'Finishing', 1),
('483', '2021-10-29', 'MFS029', 75, 'Finishing', 1),
('484', '2021-11-29', 'MFS029', 65, 'Finishing', 1),
('485', '2021-12-29', 'MFS029', 75, 'Finishing', 1),
('486', '2022-01-29', 'MFS029', 80, 'Finishing', 1),
('487', '2022-02-26', 'MFS029', 70, 'Finishing', 1),
('488', '2022-03-29', 'MFS029', 70, 'Finishing', 1),
('489', '2022-04-29', 'MFS029', 100, 'Finishing', 1),
('49', '2021-09-29', 'A13', 30, 'Finishing', 1),
('490', '2022-05-29', 'MFS029', 95, 'Finishing', 1),
('491', '2022-06-29', 'MFS029', 90, 'Finishing', 1),
('492', '2022-07-29', 'MFS029', 80, 'Finishing', 1),
('493', '2021-08-29', 'MFS030', 30, 'Finishing', 1),
('494', '2021-09-29', 'MFS030', 30, 'Finishing', 1),
('495', '2021-10-29', 'MFS030', 20, 'Finishing', 1),
('496', '2021-11-29', 'MFS030', 30, 'Finishing', 1),
('497', '2021-12-29', 'MFS030', 25, 'Finishing', 1),
('498', '2022-04-29', 'MFS030', 30, 'Finishing', 1),
('499', '2022-06-29', 'MFS030', 45, 'Finishing', 1),
('5', '2021-12-29', 'A1', 25, 'Finishing', 1),
('50', '2021-10-29', 'A13', 35, 'Finishing', 1),
('500', '2022-07-29', 'MFS030', 30, 'Finishing', 1),
('501', '2021-08-29', 'MFS031', 35, 'Finishing', 1),
('502', '2021-09-29', 'MFS031', 45, 'Finishing', 1),
('503', '2021-10-29', 'MFS031', 45, 'Finishing', 1),
('504', '2021-11-29', 'MFS031', 30, 'Finishing', 1),
('505', '2021-12-29', 'MFS031', 35, 'Finishing', 1),
('506', '2022-01-29', 'MFS031', 45, 'Finishing', 1),
('507', '2022-02-26', 'MFS031', 55, 'Finishing', 1),
('508', '2022-03-29', 'MFS031', 45, 'Finishing', 1),
('509', '2022-04-29', 'MFS031', 40, 'Finishing', 1),
('51', '2021-11-29', 'A13', 20, 'Finishing', 1),
('510', '2022-05-29', 'MFS031', 45, 'Finishing', 1),
('511', '2022-06-29', 'MFS031', 55, 'Finishing', 1),
('512', '2022-07-29', 'MFS031', 65, 'Finishing', 1),
('513', '2021-08-29', 'MFS032', 55, 'Finishing', 1),
('514', '2021-09-29', 'MFS032', 20, 'Finishing', 1),
('515', '2021-10-29', 'MFS032', 50, 'Finishing', 1),
('516', '2021-11-29', 'MFS032', 40, 'Finishing', 1),
('517', '2021-12-29', 'MFS032', 50, 'Finishing', 1),
('518', '2022-01-29', 'MFS032', 45, 'Finishing', 1),
('519', '2022-02-26', 'MFS032', 40, 'Finishing', 1),
('52', '2021-12-29', 'A13', 35, 'Finishing', 1),
('520', '2022-03-29', 'MFS032', 30, 'Finishing', 1),
('521', '2022-04-29', 'MFS032', 65, 'Finishing', 1),
('522', '2022-05-29', 'MFS032', 45, 'Finishing', 1),
('523', '2022-06-29', 'MFS032', 35, 'Finishing', 1),
('524', '2022-07-29', 'MFS032', 35, 'Finishing', 1),
('525', '2021-08-29', 'MFS033', 35, 'Finishing', 1),
('526', '2021-09-29', 'MFS033', 20, 'Finishing', 1),
('527', '2021-10-29', 'MFS033', 30, 'Finishing', 1),
('528', '2021-11-29', 'MFS033', 25, 'Finishing', 1),
('529', '2021-12-29', 'MFS033', 25, 'Finishing', 1),
('53', '2022-03-29', 'A13', 25, 'Finishing', 1),
('530', '2022-01-29', 'MFS033', 30, 'Finishing', 1),
('531', '2022-04-29', 'MFS033', 25, 'Finishing', 1),
('532', '2022-05-29', 'MFS033', 30, 'Finishing', 1),
('533', '2022-06-29', 'MFS033', 25, 'Finishing', 1),
('534', '2022-07-29', 'MFS033', 35, 'Finishing', 1),
('535', '2021-11-29', 'MFS034', 50, 'Finishing', 1),
('536', '2021-12-29', 'MFS034', 35, 'Finishing', 1),
('537', '2022-01-29', 'MFS034', 45, 'Finishing', 1),
('538', '2022-02-26', 'MFS034', 50, 'Finishing', 1),
('539', '2022-03-29', 'MFS034', 55, 'Finishing', 1),
('54', '2022-04-29', 'A13', 20, 'Finishing', 1),
('540', '2022-04-29', 'MFS034', 40, 'Finishing', 1),
('541', '2022-05-29', 'MFS034', 40, 'Finishing', 1),
('542', '2022-06-29', 'MFS034', 45, 'Finishing', 1),
('543', '2022-07-29', 'MFS034', 35, 'Finishing', 1),
('544', '2021-08-29', 'MFS035', 30, 'Finishing', 1),
('545', '2021-09-29', 'MFS035', 20, 'Finishing', 1),
('546', '2021-10-29', 'MFS035', 35, 'Finishing', 1),
('547', '2021-11-29', 'MFS035', 30, 'Finishing', 1),
('548', '2021-12-29', 'MFS035', 25, 'Finishing', 1),
('549', '2022-01-29', 'MFS035', 35, 'Finishing', 1),
('55', '2022-05-29', 'A13', 25, 'Finishing', 1),
('550', '2022-02-26', 'MFS035', 30, 'Finishing', 1),
('551', '2022-03-29', 'MFS035', 25, 'Finishing', 1),
('552', '2022-04-29', 'MFS035', 30, 'Finishing', 1),
('553', '2022-05-29', 'MFS035', 25, 'Finishing', 1),
('554', '2022-06-29', 'MFS035', 30, 'Finishing', 1),
('555', '2022-07-29', 'MFS035', 25, 'Finishing', 1),
('556', '2021-08-29', 'MFS036', 90, 'Finishing', 1),
('557', '2021-09-29', 'MFS036', 80, 'Finishing', 1),
('558', '2021-10-29', 'MFS036', 80, 'Finishing', 1),
('559', '2021-11-29', 'MFS036', 70, 'Finishing', 1),
('56', '2022-06-29', 'A13', 20, 'Finishing', 1),
('560', '2021-12-29', 'MFS036', 65, 'Finishing', 1),
('561', '2022-01-29', 'MFS036', 75, 'Finishing', 1),
('562', '2022-02-26', 'MFS036', 95, 'Finishing', 1),
('563', '2022-03-29', 'MFS036', 85, 'Finishing', 1),
('564', '2022-04-29', 'MFS036', 85, 'Finishing', 1),
('565', '2022-05-29', 'MFS036', 70, 'Finishing', 1),
('566', '2022-06-29', 'MFS036', 65, 'Finishing', 1),
('567', '2022-07-29', 'MFS036', 65, 'Finishing', 1),
('568', '2021-08-29', 'MFS037', 60, 'Finishing', 1),
('569', '2021-09-29', 'MFS037', 75, 'Finishing', 1),
('57', '2022-07-29', 'A13', 30, 'Finishing', 1),
('570', '2021-10-29', 'MFS037', 65, 'Finishing', 1),
('571', '2021-11-29', 'MFS037', 75, 'Finishing', 1),
('572', '2021-12-29', 'MFS037', 80, 'Finishing', 1),
('573', '2022-01-29', 'MFS037', 90, 'Finishing', 1),
('574', '2022-02-26', 'MFS037', 75, 'Finishing', 1),
('575', '2022-03-29', 'MFS037', 75, 'Finishing', 1),
('576', '2022-04-29', 'MFS037', 75, 'Finishing', 1),
('577', '2022-05-29', 'MFS037', 80, 'Finishing', 1),
('578', '2022-06-29', 'MFS037', 85, 'Finishing', 1),
('579', '2022-07-29', 'MFS037', 90, 'Finishing', 1),
('58', '2021-08-29', 'A14', 75, 'Finishing', 1),
('580', '2021-08-29', 'MFS038', 75, 'Finishing', 1),
('581', '2021-09-29', 'MFS038', 70, 'Finishing', 1),
('582', '2021-10-29', 'MFS038', 75, 'Finishing', 1),
('583', '2021-11-29', 'MFS038', 85, 'Finishing', 1),
('584', '2021-12-29', 'MFS038', 65, 'Finishing', 1),
('585', '2022-01-29', 'MFS038', 75, 'Finishing', 1),
('586', '2022-02-26', 'MFS038', 90, 'Finishing', 1),
('587', '2022-03-29', 'MFS038', 85, 'Finishing', 1),
('588', '2022-04-29', 'MFS038', 75, 'Finishing', 1),
('589', '2022-05-29', 'MFS038', 60, 'Finishing', 1),
('59', '2021-09-29', 'A14', 70, 'Finishing', 1),
('590', '2022-06-29', 'MFS038', 65, 'Finishing', 1),
('591', '2022-07-29', 'MFS038', 65, 'Finishing', 1),
('592', '2021-08-29', 'MFS039', 65, 'Finishing', 1),
('593', '2021-09-29', 'MFS039', 60, 'Finishing', 1),
('594', '2021-10-29', 'MFS039', 65, 'Finishing', 1),
('595', '2021-11-29', 'MFS039', 60, 'Finishing', 1),
('596', '2021-12-29', 'MFS039', 75, 'Finishing', 1),
('597', '2022-01-29', 'MFS039', 80, 'Finishing', 1),
('598', '2022-02-26', 'MFS039', 70, 'Finishing', 1),
('599', '2022-03-29', 'MFS039', 70, 'Finishing', 1),
('6', '2022-02-26', 'A1', 30, 'Finishing', 1),
('60', '2021-10-29', 'A14', 85, 'Finishing', 1),
('600', '2022-04-29', 'MFS039', 65, 'Finishing', 1),
('601', '2022-05-29', 'MFS039', 60, 'Finishing', 1),
('602', '2022-06-29', 'MFS039', 60, 'Finishing', 1),
('603', '2022-07-29', 'MFS039', 65, 'Finishing', 1),
('604', '2021-08-29', 'MFS040', 90, 'Finishing', 1),
('605', '2021-09-29', 'MFS040', 80, 'Finishing', 1),
('606', '2021-10-29', 'MFS040', 105, 'Finishing', 1),
('607', '2021-11-29', 'MFS040', 95, 'Finishing', 1),
('608', '2021-12-29', 'MFS040', 85, 'Finishing', 1),
('609', '2022-01-29', 'MFS040', 80, 'Finishing', 1),
('61', '2021-11-29', 'A14', 85, 'Finishing', 1),
('610', '2022-02-26', 'MFS040', 75, 'Finishing', 1),
('611', '2022-03-29', 'MFS040', 105, 'Finishing', 1),
('612', '2022-04-29', 'MFS040', 85, 'Finishing', 1),
('613', '2022-05-29', 'MFS040', 80, 'Finishing', 1),
('614', '2022-06-29', 'MFS040', 85, 'Finishing', 1),
('615', '2022-07-29', 'MFS040', 90, 'Finishing', 1),
('616', '2021-08-29', 'MFS041', 100, 'Finishing', 1),
('617', '2021-09-29', 'MFS041', 85, 'Finishing', 1),
('618', '2021-10-29', 'MFS041', 95, 'Finishing', 1),
('619', '2021-11-29', 'MFS041', 95, 'Finishing', 1),
('62', '2021-12-29', 'A14', 85, 'Finishing', 1),
('620', '2021-12-29', 'MFS041', 80, 'Finishing', 1),
('621', '2022-01-29', 'MFS041', 85, 'Finishing', 1),
('622', '2022-02-26', 'MFS041', 75, 'Finishing', 1),
('623', '2022-03-29', 'MFS041', 90, 'Finishing', 1),
('624', '2022-04-29', 'MFS041', 85, 'Finishing', 1),
('625', '2022-05-29', 'MFS041', 75, 'Finishing', 1),
('626', '2022-06-29', 'MFS041', 80, 'Finishing', 1),
('627', '2022-07-29', 'MFS041', 70, 'Finishing', 1),
('628', '2021-08-29', 'MFS043', 205, 'Finishing', 1),
('629', '2021-09-29', 'MFS043', 230, 'Finishing', 1),
('63', '2022-01-29', 'A14', 80, 'Finishing', 1),
('630', '2021-10-29', 'MFS043', 220, 'Finishing', 1),
('631', '2021-11-29', 'MFS043', 210, 'Finishing', 1),
('632', '2021-12-29', 'MFS043', 210, 'Finishing', 1),
('633', '2022-01-29', 'MFS043', 195, 'Finishing', 1),
('634', '2022-02-26', 'MFS043', 205, 'Finishing', 1),
('635', '2022-03-29', 'MFS043', 215, 'Finishing', 1),
('636', '2022-04-29', 'MFS043', 195, 'Finishing', 1),
('637', '2022-05-29', 'MFS043', 185, 'Finishing', 1),
('638', '2022-06-29', 'MFS043', 210, 'Finishing', 1),
('639', '2022-07-29', 'MFS043', 190, 'Finishing', 1),
('64', '2022-02-26', 'A14', 80, 'Finishing', 1),
('640', '2021-08-29', 'MFS044', 65, 'Finishing', 1),
('641', '2021-09-29', 'MFS044', 55, 'Finishing', 1),
('642', '2021-10-29', 'MFS044', 70, 'Finishing', 1),
('643', '2021-11-29', 'MFS044', 65, 'Finishing', 1),
('644', '2021-12-29', 'MFS044', 65, 'Finishing', 1),
('645', '2022-01-29', 'MFS044', 70, 'Finishing', 1),
('646', '2022-02-26', 'MFS044', 65, 'Finishing', 1),
('647', '2022-03-29', 'MFS044', 55, 'Finishing', 1),
('648', '2022-04-29', 'MFS044', 65, 'Finishing', 1),
('649', '2022-05-29', 'MFS044', 60, 'Finishing', 1),
('65', '2022-03-29', 'A14', 90, 'Finishing', 1),
('650', '2022-06-29', 'MFS044', 65, 'Finishing', 1),
('651', '2022-07-29', 'MFS044', 65, 'Finishing', 1),
('652', '2021-08-29', 'MFS045', 35, 'Finishing', 1),
('653', '2021-09-29', 'MFS045', 30, 'Finishing', 1),
('654', '2021-10-29', 'MFS045', 25, 'Finishing', 1),
('655', '2021-11-29', 'MFS045', 30, 'Finishing', 1),
('656', '2021-12-29', 'MFS045', 40, 'Finishing', 1),
('657', '2022-01-29', 'MFS045', 40, 'Finishing', 1),
('658', '2022-02-26', 'MFS045', 30, 'Finishing', 1),
('659', '2022-03-29', 'MFS045', 30, 'Finishing', 1),
('66', '2022-04-29', 'A14', 100, 'Finishing', 1),
('660', '2022-04-29', 'MFS045', 35, 'Finishing', 1),
('661', '2022-05-29', 'MFS045', 50, 'Finishing', 1),
('662', '2022-06-29', 'MFS045', 40, 'Finishing', 1),
('663', '2022-07-29', 'MFS045', 35, 'Finishing', 1),
('664', '2021-08-29', 'MFS046', 70, 'Finishing', 1),
('665', '2021-09-29', 'MFS046', 90, 'Finishing', 1),
('666', '2021-10-29', 'MFS046', 80, 'Finishing', 1),
('667', '2021-11-29', 'MFS046', 80, 'Finishing', 1),
('668', '2021-12-29', 'MFS046', 85, 'Finishing', 1),
('669', '2022-01-29', 'MFS046', 90, 'Finishing', 1),
('67', '2022-05-29', 'A14', 95, 'Finishing', 1),
('670', '2022-02-26', 'MFS046', 85, 'Finishing', 1),
('671', '2022-03-29', 'MFS046', 85, 'Finishing', 1),
('672', '2022-04-29', 'MFS046', 80, 'Finishing', 1),
('673', '2022-05-29', 'MFS046', 70, 'Finishing', 1),
('674', '2022-06-29', 'MFS046', 75, 'Finishing', 1),
('675', '2022-07-29', 'MFS046', 70, 'Finishing', 1),
('676', '2021-08-29', 'MFS048', 25, 'Finishing', 1),
('677', '2021-09-29', 'MFS048', 30, 'Finishing', 1),
('678', '2021-10-29', 'MFS048', 25, 'Finishing', 1),
('679', '2021-11-29', 'MFS048', 25, 'Finishing', 1),
('68', '2022-06-29', 'A14', 85, 'Finishing', 1),
('680', '2021-12-29', 'MFS048', 30, 'Finishing', 1),
('681', '2022-01-29', 'MFS048', 35, 'Finishing', 1),
('682', '2022-02-26', 'MFS048', 40, 'Finishing', 1),
('683', '2022-03-29', 'MFS048', 25, 'Finishing', 1),
('684', '2022-04-29', 'MFS048', 40, 'Finishing', 1),
('685', '2022-05-29', 'MFS048', 25, 'Finishing', 1),
('686', '2022-06-29', 'MFS048', 20, 'Finishing', 1),
('687', '2022-07-29', 'MFS048', 40, 'Finishing', 1),
('688', '2021-08-29', 'MFS049', 50, 'Finishing', 1),
('689', '2021-09-29', 'MFS049', 65, 'Finishing', 1),
('69', '2022-07-29', 'A14', 95, 'Finishing', 1),
('690', '2021-10-29', 'MFS049', 75, 'Finishing', 1),
('691', '2021-11-29', 'MFS049', 65, 'Finishing', 1),
('692', '2021-12-29', 'MFS049', 70, 'Finishing', 1),
('693', '2022-01-29', 'MFS049', 65, 'Finishing', 1),
('694', '2022-02-26', 'MFS049', 70, 'Finishing', 1),
('695', '2022-03-29', 'MFS049', 75, 'Finishing', 1),
('696', '2022-04-29', 'MFS049', 70, 'Finishing', 1),
('697', '2022-05-29', 'MFS049', 65, 'Finishing', 1),
('698', '2022-06-29', 'MFS049', 80, 'Finishing', 1),
('699', '2022-07-29', 'MFS049', 65, 'Finishing', 1),
('7', '2022-03-29', 'A1', 30, 'Finishing', 1),
('70', '2021-08-29', 'A15', 70, 'Finishing', 1),
('700', '2021-08-29', 'MFS050', 170, 'Finishing', 1),
('701', '2021-09-29', 'MFS050', 150, 'Finishing', 1),
('702', '2021-10-29', 'MFS050', 90, 'Finishing', 1),
('703', '2021-11-29', 'MFS050', 105, 'Finishing', 1),
('704', '2021-12-29', 'MFS050', 125, 'Finishing', 1),
('705', '2022-01-29', 'MFS050', 175, 'Finishing', 1),
('706', '2022-02-26', 'MFS050', 160, 'Finishing', 1),
('707', '2022-03-29', 'MFS050', 105, 'Finishing', 1),
('708', '2022-04-29', 'MFS050', 135, 'Finishing', 1),
('709', '2022-05-29', 'MFS050', 165, 'Finishing', 1),
('71', '2021-09-29', 'A15', 85, 'Finishing', 1),
('710', '2022-06-29', 'MFS050', 125, 'Finishing', 1),
('711', '2022-07-29', 'MFS050', 130, 'Finishing', 1),
('712', '2021-08-29', 'MFS052', 60, 'Finishing', 1),
('713', '2021-09-29', 'MFS052', 75, 'Finishing', 1),
('714', '2021-10-29', 'MFS052', 70, 'Finishing', 1),
('715', '2021-11-29', 'MFS052', 60, 'Finishing', 1),
('716', '2021-12-29', 'MFS052', 65, 'Finishing', 1),
('717', '2022-01-29', 'MFS052', 75, 'Finishing', 1),
('718', '2022-02-26', 'MFS052', 80, 'Finishing', 1),
('719', '2022-03-29', 'MFS052', 70, 'Finishing', 1),
('72', '2021-10-29', 'A15', 80, 'Finishing', 1),
('720', '2022-04-29', 'MFS052', 85, 'Finishing', 1),
('721', '2022-05-29', 'MFS052', 90, 'Finishing', 1),
('722', '2022-06-29', 'MFS052', 70, 'Finishing', 1),
('723', '2022-07-29', 'MFS052', 55, 'Finishing', 1),
('724', '2021-08-29', 'MFS053', 65, 'Finishing', 1),
('725', '2021-09-29', 'MFS053', 75, 'Finishing', 1),
('726', '2021-10-29', 'MFS053', 70, 'Finishing', 1),
('727', '2021-11-29', 'MFS053', 65, 'Finishing', 1),
('728', '2021-12-29', 'MFS053', 70, 'Finishing', 1),
('729', '2022-01-29', 'MFS053', 65, 'Finishing', 1),
('73', '2021-11-29', 'A15', 85, 'Finishing', 1),
('730', '2022-02-26', 'MFS053', 80, 'Finishing', 1),
('731', '2022-03-29', 'MFS053', 60, 'Finishing', 1),
('732', '2022-04-29', 'MFS053', 95, 'Finishing', 1),
('733', '2022-05-29', 'MFS053', 55, 'Finishing', 1),
('734', '2022-06-29', 'MFS053', 75, 'Finishing', 1),
('735', '2022-07-29', 'MFS053', 50, 'Finishing', 1),
('736', '2021-08-29', 'MFS054', 75, 'Finishing', 1),
('737', '2021-09-29', 'MFS054', 90, 'Finishing', 1),
('738', '2021-10-29', 'MFS054', 85, 'Finishing', 1),
('739', '2021-11-29', 'MFS054', 80, 'Finishing', 1),
('74', '2021-12-29', 'A15', 80, 'Finishing', 1),
('740', '2021-12-29', 'MFS054', 75, 'Finishing', 1),
('741', '2022-01-29', 'MFS054', 75, 'Finishing', 1),
('742', '2022-02-26', 'MFS054', 70, 'Finishing', 1),
('743', '2022-03-29', 'MFS054', 75, 'Finishing', 1),
('744', '2022-04-29', 'MFS054', 95, 'Finishing', 1),
('745', '2022-05-29', 'MFS054', 60, 'Finishing', 1),
('746', '2022-06-29', 'MFS054', 70, 'Finishing', 1),
('747', '2022-07-29', 'MFS054', 85, 'Finishing', 1),
('748', '2021-08-29', 'MFS055', 165, 'Finishing', 1),
('749', '2021-09-29', 'MFS055', 195, 'Finishing', 1),
('75', '2022-01-29', 'A15', 85, 'Finishing', 1),
('750', '2021-10-29', 'MFS055', 210, 'Finishing', 1),
('751', '2021-11-29', 'MFS055', 170, 'Finishing', 1),
('752', '2021-12-29', 'MFS055', 160, 'Finishing', 1),
('753', '2022-01-29', 'MFS055', 160, 'Finishing', 1),
('754', '2022-02-26', 'MFS055', 180, 'Finishing', 1),
('755', '2022-03-29', 'MFS055', 190, 'Finishing', 1),
('756', '2022-04-29', 'MFS055', 185, 'Finishing', 1),
('757', '2022-05-29', 'MFS055', 170, 'Finishing', 1),
('758', '2022-06-29', 'MFS055', 160, 'Finishing', 1),
('759', '2022-07-29', 'MFS055', 160, 'Finishing', 1),
('76', '2022-02-26', 'A15', 75, 'Finishing', 1),
('760', '2021-08-29', 'MFS056', 135, 'Finishing', 1),
('761', '2021-09-29', 'MFS056', 155, 'Finishing', 1),
('762', '2021-10-29', 'MFS056', 170, 'Finishing', 1),
('763', '2021-11-29', 'MFS056', 165, 'Finishing', 1),
('764', '2021-12-29', 'MFS056', 175, 'Finishing', 1),
('765', '2022-01-29', 'MFS056', 165, 'Finishing', 1),
('766', '2022-02-26', 'MFS056', 150, 'Finishing', 1),
('767', '2022-03-29', 'MFS056', 165, 'Finishing', 1),
('768', '2022-04-29', 'MFS056', 170, 'Finishing', 1),
('769', '2022-05-29', 'MFS056', 160, 'Finishing', 1),
('77', '2022-03-29', 'A15', 85, 'Finishing', 1),
('770', '2022-06-29', 'MFS056', 175, 'Finishing', 1),
('771', '2022-07-29', 'MFS056', 165, 'Finishing', 1),
('772', '2021-08-29', 'MFS058', 65, 'Finishing', 1),
('773', '2021-09-29', 'MFS058', 85, 'Finishing', 1),
('774', '2021-10-29', 'MFS058', 85, 'Finishing', 1),
('775', '2021-11-29', 'MFS058', 65, 'Finishing', 1),
('776', '2021-12-29', 'MFS058', 65, 'Finishing', 1),
('777', '2022-01-29', 'MFS058', 70, 'Finishing', 1),
('778', '2022-02-26', 'MFS058', 65, 'Finishing', 1),
('779', '2022-03-29', 'MFS058', 75, 'Finishing', 1),
('78', '2022-04-29', 'A15', 45, 'Finishing', 1),
('780', '2022-04-29', 'MFS058', 70, 'Finishing', 1),
('781', '2022-05-29', 'MFS058', 60, 'Finishing', 1),
('782', '2022-06-29', 'MFS058', 75, 'Finishing', 1),
('783', '2022-07-29', 'MFS058', 65, 'Finishing', 1),
('784', '2021-08-29', 'MFS059', 75, 'Finishing', 1),
('785', '2021-09-29', 'MFS059', 65, 'Finishing', 1),
('786', '2021-10-29', 'MFS059', 60, 'Finishing', 1),
('787', '2021-11-29', 'MFS059', 80, 'Finishing', 1),
('788', '2021-12-29', 'MFS059', 60, 'Finishing', 1),
('789', '2022-01-29', 'MFS059', 55, 'Finishing', 1),
('79', '2022-05-29', 'A15', 60, 'Finishing', 1),
('790', '2022-02-26', 'MFS059', 70, 'Finishing', 1),
('791', '2022-03-29', 'MFS059', 75, 'Finishing', 1),
('792', '2022-04-29', 'MFS059', 75, 'Finishing', 1),
('793', '2022-05-29', 'MFS059', 60, 'Finishing', 1),
('794', '2022-06-29', 'MFS059', 55, 'Finishing', 1),
('795', '2022-07-29', 'MFS059', 80, 'Finishing', 1),
('796', '2021-08-29', 'MFS060', 75, 'Finishing', 1),
('797', '2021-09-29', 'MFS060', 80, 'Finishing', 1),
('798', '2021-10-29', 'MFS060', 70, 'Finishing', 1),
('799', '2021-11-29', 'MFS060', 70, 'Finishing', 1),
('8', '2022-04-29', 'A1', 35, 'Finishing', 1),
('80', '2022-06-29', 'A15', 85, 'Finishing', 1),
('800', '2021-12-29', 'MFS060', 85, 'Finishing', 1),
('801', '2022-01-29', 'MFS060', 75, 'Finishing', 1),
('802', '2022-02-26', 'MFS060', 70, 'Finishing', 1),
('803', '2022-03-29', 'MFS060', 75, 'Finishing', 1),
('804', '2022-04-29', 'MFS060', 65, 'Finishing', 1),
('805', '2022-05-29', 'MFS060', 80, 'Finishing', 1),
('806', '2022-06-29', 'MFS060', 70, 'Finishing', 1);
INSERT INTO `brg_klr` (`id_brgklr`, `tgl_klr`, `id_barang`, `jml_klr`, `lokasi`, `id_user`) VALUES
('807', '2022-07-29', 'MFS060', 65, 'Finishing', 1),
('808', '2021-08-29', 'MFS061', 70, 'Finishing', 1),
('809', '2021-09-29', 'MFS061', 90, 'Finishing', 1),
('81', '2022-07-29', 'A15', 75, 'Finishing', 1),
('810', '2021-10-29', 'MFS061', 85, 'Finishing', 1),
('811', '2021-11-29', 'MFS061', 95, 'Finishing', 1),
('812', '2021-12-29', 'MFS061', 80, 'Finishing', 1),
('813', '2022-01-29', 'MFS061', 85, 'Finishing', 1),
('814', '2022-02-26', 'MFS061', 70, 'Finishing', 1),
('815', '2022-03-29', 'MFS061', 75, 'Finishing', 1),
('816', '2022-04-29', 'MFS061', 95, 'Finishing', 1),
('817', '2022-05-29', 'MFS061', 85, 'Finishing', 1),
('818', '2022-06-29', 'MFS061', 80, 'Finishing', 1),
('819', '2022-07-29', 'MFS061', 80, 'Finishing', 1),
('82', '2021-08-29', 'A16', 70, 'Finishing', 1),
('820', '2021-08-29', 'MFS062', 30, 'Finishing', 1),
('821', '2021-09-29', 'MFS062', 35, 'Finishing', 1),
('822', '2021-10-29', 'MFS062', 30, 'Finishing', 1),
('823', '2021-11-29', 'MFS062', 30, 'Finishing', 1),
('824', '2021-12-29', 'MFS062', 35, 'Finishing', 1),
('825', '2022-01-29', 'MFS062', 45, 'Finishing', 1),
('826', '2022-02-26', 'MFS062', 25, 'Finishing', 1),
('827', '2022-03-29', 'MFS062', 45, 'Finishing', 1),
('828', '2022-04-29', 'MFS062', 40, 'Finishing', 1),
('829', '2022-05-29', 'MFS062', 25, 'Finishing', 1),
('83', '2021-09-29', 'A16', 70, 'Finishing', 1),
('830', '2022-06-29', 'MFS062', 30, 'Finishing', 1),
('831', '2022-07-29', 'MFS062', 30, 'Finishing', 1),
('832', '2021-08-29', 'MFS063', 160, 'Finishing', 1),
('833', '2021-09-29', 'MFS063', 185, 'Finishing', 1),
('834', '2021-10-29', 'MFS063', 190, 'Finishing', 1),
('835', '2021-11-29', 'MFS063', 165, 'Finishing', 1),
('836', '2021-12-29', 'MFS063', 180, 'Finishing', 1),
('837', '2022-01-29', 'MFS063', 155, 'Finishing', 1),
('838', '2022-02-26', 'MFS063', 195, 'Finishing', 1),
('839', '2022-03-29', 'MFS063', 175, 'Finishing', 1),
('84', '2021-10-29', 'A16', 80, 'Finishing', 1),
('840', '2022-04-29', 'MFS063', 165, 'Finishing', 1),
('841', '2022-05-29', 'MFS063', 165, 'Finishing', 1),
('842', '2022-06-29', 'MFS063', 180, 'Finishing', 1),
('843', '2022-07-29', 'MFS063', 165, 'Finishing', 1),
('844', '2021-08-29', 'MFS064', 165, 'Finishing', 1),
('845', '2021-09-29', 'MFS064', 195, 'Finishing', 1),
('846', '2021-10-29', 'MFS064', 195, 'Finishing', 1),
('847', '2021-11-29', 'MFS064', 170, 'Finishing', 1),
('848', '2021-12-29', 'MFS064', 190, 'Finishing', 1),
('849', '2022-01-29', 'MFS064', 160, 'Finishing', 1),
('85', '2021-11-29', 'A16', 70, 'Finishing', 1),
('850', '2022-02-26', 'MFS064', 165, 'Finishing', 1),
('851', '2022-03-29', 'MFS064', 180, 'Finishing', 1),
('852', '2022-04-29', 'MFS064', 185, 'Finishing', 1),
('853', '2022-05-29', 'MFS064', 195, 'Finishing', 1),
('854', '2022-06-29', 'MFS064', 185, 'Finishing', 1),
('855', '2022-07-29', 'MFS064', 200, 'Finishing', 1),
('856', '2021-08-29', 'MFS065', 45, 'Finishing', 1),
('857', '2021-09-29', 'MFS065', 35, 'Finishing', 1),
('858', '2021-10-29', 'MFS065', 30, 'Finishing', 1),
('859', '2021-11-29', 'MFS065', 35, 'Finishing', 1),
('86', '2021-12-29', 'A16', 65, 'Finishing', 1),
('860', '2021-12-29', 'MFS065', 40, 'Finishing', 1),
('861', '2022-01-29', 'MFS065', 50, 'Finishing', 1),
('862', '2022-02-26', 'MFS065', 45, 'Finishing', 1),
('863', '2022-03-29', 'MFS065', 35, 'Finishing', 1),
('864', '2022-04-29', 'MFS065', 45, 'Finishing', 1),
('865', '2022-05-29', 'MFS065', 25, 'Finishing', 1),
('866', '2022-06-29', 'MFS065', 35, 'Finishing', 1),
('867', '2022-07-29', 'MFS065', 40, 'Finishing', 1),
('868', '2021-12-29', 'MFS066', 35, 'Finishing', 1),
('869', '2022-01-29', 'MFS066', 65, 'Finishing', 1),
('87', '2022-01-29', 'A16', 90, 'Finishing', 1),
('870', '2022-02-26', 'MFS066', 30, 'Finishing', 1),
('871', '2022-03-29', 'MFS066', 55, 'Finishing', 1),
('872', '2022-04-29', 'MFS066', 20, 'Finishing', 1),
('873', '2022-05-29', 'MFS066', 30, 'Finishing', 1),
('874', '2022-06-29', 'MFS066', 35, 'Finishing', 1),
('875', '2022-07-29', 'MFS066', 45, 'Finishing', 1),
('876', '2021-08-29', 'MFS067', 210, 'Finishing', 1),
('877', '2021-09-29', 'MFS067', 235, 'Finishing', 1),
('878', '2021-10-29', 'MFS067', 205, 'Finishing', 1),
('879', '2021-11-29', 'MFS067', 185, 'Finishing', 1),
('88', '2022-02-26', 'A16', 75, 'Finishing', 1),
('880', '2021-12-29', 'MFS067', 215, 'Finishing', 1),
('881', '2022-01-29', 'MFS067', 210, 'Finishing', 1),
('882', '2022-02-26', 'MFS067', 240, 'Finishing', 1),
('883', '2022-03-29', 'MFS067', 215, 'Finishing', 1),
('884', '2022-04-29', 'MFS067', 195, 'Finishing', 1),
('885', '2022-05-29', 'MFS067', 190, 'Finishing', 1),
('886', '2022-06-29', 'MFS067', 205, 'Finishing', 1),
('887', '2022-07-29', 'MFS067', 185, 'Finishing', 1),
('888', '2021-08-29', 'MFS068', 20, 'Finishing', 1),
('889', '2021-09-29', 'MFS068', 25, 'Finishing', 1),
('89', '2022-03-29', 'A16', 65, 'Finishing', 1),
('890', '2021-10-29', 'MFS068', 35, 'Finishing', 1),
('891', '2021-11-29', 'MFS068', 25, 'Finishing', 1),
('892', '2021-12-29', 'MFS068', 25, 'Finishing', 1),
('893', '2022-01-29', 'MFS068', 25, 'Finishing', 1),
('894', '2022-02-26', 'MFS068', 20, 'Finishing', 1),
('895', '2022-03-29', 'MFS068', 25, 'Finishing', 1),
('896', '2022-04-29', 'MFS068', 30, 'Finishing', 1),
('897', '2022-05-29', 'MFS068', 30, 'Finishing', 1),
('898', '2022-06-29', 'MFS068', 30, 'Finishing', 1),
('899', '2022-07-29', 'MFS068', 35, 'Finishing', 1),
('9', '2022-05-29', 'A1', 30, 'Finishing', 1),
('90', '2022-04-29', 'A16', 85, 'Finishing', 1),
('900', '2021-08-29', 'MFS069', 30, 'Finishing', 1),
('901', '2021-09-29', 'MFS069', 40, 'Finishing', 1),
('902', '2021-10-29', 'MFS069', 35, 'Finishing', 1),
('903', '2021-11-29', 'MFS069', 25, 'Finishing', 1),
('904', '2021-12-29', 'MFS069', 25, 'Finishing', 1),
('905', '2022-01-29', 'MFS069', 20, 'Finishing', 1),
('906', '2022-02-26', 'MFS069', 35, 'Finishing', 1),
('907', '2022-03-29', 'MFS069', 25, 'Finishing', 1),
('908', '2022-04-29', 'MFS069', 30, 'Finishing', 1),
('909', '2022-05-29', 'MFS069', 30, 'Finishing', 1),
('91', '2022-05-29', 'A16', 90, 'Finishing', 1),
('910', '2022-06-29', 'MFS069', 35, 'Finishing', 1),
('911', '2022-07-29', 'MFS069', 30, 'Finishing', 1),
('912', '2021-08-29', 'MFS070', 215, 'Finishing', 1),
('913', '2021-09-29', 'MFS070', 180, 'Finishing', 1),
('914', '2021-10-29', 'MFS070', 195, 'Finishing', 1),
('915', '2021-11-29', 'MFS070', 190, 'Finishing', 1),
('916', '2021-12-29', 'MFS070', 200, 'Finishing', 1),
('917', '2022-01-29', 'MFS070', 190, 'Finishing', 1),
('918', '2022-02-26', 'MFS070', 160, 'Finishing', 1),
('919', '2022-03-29', 'MFS070', 180, 'Finishing', 1),
('92', '2022-06-29', 'A16', 70, 'Finishing', 1),
('920', '2022-04-29', 'MFS070', 195, 'Finishing', 1),
('921', '2022-05-29', 'MFS070', 185, 'Finishing', 1),
('922', '2022-06-29', 'MFS070', 195, 'Finishing', 1),
('923', '2022-07-29', 'MFS070', 175, 'Finishing', 1),
('924', '2021-08-29', 'MFS071', 25, 'Finishing', 1),
('925', '2021-09-29', 'MFS071', 30, 'Finishing', 1),
('926', '2021-10-29', 'MFS071', 20, 'Finishing', 1),
('927', '2021-11-29', 'MFS071', 20, 'Finishing', 1),
('928', '2021-12-29', 'MFS071', 25, 'Finishing', 1),
('929', '2022-01-29', 'MFS071', 30, 'Finishing', 1),
('93', '2022-07-29', 'A16', 90, 'Finishing', 1),
('930', '2022-02-26', 'MFS071', 35, 'Finishing', 1),
('931', '2022-03-29', 'MFS071', 20, 'Finishing', 1),
('932', '2022-04-29', 'MFS071', 35, 'Finishing', 1),
('933', '2022-05-29', 'MFS071', 25, 'Finishing', 1),
('934', '2022-06-29', 'MFS071', 20, 'Finishing', 1),
('935', '2022-07-29', 'MFS071', 30, 'Finishing', 1),
('936', '2021-08-29', 'MFS072', 40, 'Finishing', 1),
('937', '2021-09-29', 'MFS072', 35, 'Finishing', 1),
('938', '2021-10-29', 'MFS072', 20, 'Finishing', 1),
('939', '2021-11-29', 'MFS072', 30, 'Finishing', 1),
('94', '2021-08-29', 'A17', 55, 'Finishing', 1),
('940', '2021-12-29', 'MFS072', 30, 'Finishing', 1),
('941', '2022-01-29', 'MFS072', 35, 'Finishing', 1),
('942', '2022-02-26', 'MFS072', 35, 'Finishing', 1),
('943', '2022-03-29', 'MFS072', 40, 'Finishing', 1),
('944', '2022-04-29', 'MFS072', 25, 'Finishing', 1),
('945', '2022-05-29', 'MFS072', 30, 'Finishing', 1),
('946', '2022-06-29', 'MFS072', 35, 'Finishing', 1),
('947', '2022-07-29', 'MFS072', 40, 'Finishing', 1),
('948', '2021-08-29', 'MFS073', 85, 'Finishing', 1),
('949', '2021-09-29', 'MFS073', 70, 'Finishing', 1),
('95', '2021-09-29', 'A17', 65, 'Finishing', 1),
('950', '2021-10-29', 'MFS073', 75, 'Finishing', 1),
('951', '2021-11-29', 'MFS073', 80, 'Finishing', 1),
('952', '2021-12-29', 'MFS073', 90, 'Finishing', 1),
('953', '2022-01-29', 'MFS073', 80, 'Finishing', 1),
('954', '2022-02-26', 'MFS073', 85, 'Finishing', 1),
('955', '2022-03-29', 'MFS073', 95, 'Finishing', 1),
('956', '2022-04-29', 'MFS073', 75, 'Finishing', 1),
('957', '2022-05-29', 'MFS073', 75, 'Finishing', 1),
('958', '2022-06-29', 'MFS073', 75, 'Finishing', 1),
('959', '2022-07-29', 'MFS073', 80, 'Finishing', 1),
('96', '2021-10-29', 'A17', 60, 'Finishing', 1),
('960', '2021-08-29', 'MFS074', 185, 'Finishing', 1),
('961', '2021-09-29', 'MFS074', 190, 'Finishing', 1),
('962', '2021-10-29', 'MFS074', 200, 'Finishing', 1),
('963', '2021-11-29', 'MFS074', 185, 'Finishing', 1),
('964', '2021-12-29', 'MFS074', 160, 'Finishing', 1),
('965', '2022-01-29', 'MFS074', 190, 'Finishing', 1),
('966', '2022-02-26', 'MFS074', 175, 'Finishing', 1),
('967', '2022-03-29', 'MFS074', 200, 'Finishing', 1),
('968', '2022-04-29', 'MFS074', 170, 'Finishing', 1),
('969', '2022-05-29', 'MFS074', 155, 'Finishing', 1),
('97', '2021-11-29', 'A17', 65, 'Finishing', 1),
('970', '2022-06-29', 'MFS074', 200, 'Finishing', 1),
('971', '2022-07-29', 'MFS074', 180, 'Finishing', 1),
('972', '2021-08-29', 'MFS075', 80, 'Finishing', 1),
('973', '2021-09-29', 'MFS075', 70, 'Finishing', 1),
('974', '2021-10-29', 'MFS075', 80, 'Finishing', 1),
('975', '2021-11-29', 'MFS075', 85, 'Finishing', 1),
('976', '2021-12-29', 'MFS075', 80, 'Finishing', 1),
('977', '2022-01-29', 'MFS075', 90, 'Finishing', 1),
('978', '2022-02-26', 'MFS075', 85, 'Finishing', 1),
('979', '2022-03-29', 'MFS075', 95, 'Finishing', 1),
('98', '2021-12-29', 'A17', 70, 'Finishing', 1),
('980', '2022-04-29', 'MFS075', 75, 'Finishing', 1),
('981', '2022-05-29', 'MFS075', 85, 'Finishing', 1),
('982', '2022-06-29', 'MFS075', 65, 'Finishing', 1),
('983', '2022-07-29', 'MFS075', 85, 'Finishing', 1),
('984', '2021-08-29', 'MFS076', 30, 'Finishing', 1),
('985', '2021-09-29', 'MFS076', 20, 'Finishing', 1),
('986', '2021-10-29', 'MFS076', 35, 'Finishing', 1),
('987', '2021-11-29', 'MFS076', 45, 'Finishing', 1),
('988', '2021-12-29', 'MFS076', 40, 'Finishing', 1),
('989', '2022-01-29', 'MFS076', 30, 'Finishing', 1),
('99', '2022-01-29', 'A17', 65, 'Finishing', 1),
('990', '2022-02-26', 'MFS076', 30, 'Finishing', 1),
('991', '2022-03-29', 'MFS076', 30, 'Finishing', 1),
('992', '2022-04-29', 'MFS076', 35, 'Finishing', 1),
('993', '2022-05-29', 'MFS076', 30, 'Finishing', 1),
('994', '2022-06-29', 'MFS076', 35, 'Finishing', 1),
('995', '2022-07-29', 'MFS076', 25, 'Finishing', 1),
('996', '2021-08-29', 'MFS077', 70, 'Finishing', 1),
('997', '2021-09-29', 'MFS077', 75, 'Finishing', 1),
('998', '2021-10-29', 'MFS077', 80, 'Finishing', 1),
('999', '2021-11-29', 'MFS077', 70, 'Finishing', 1),
('KLR-1203', '2022-07-29', 'MFS096', 190, 'Finishing', 6),
('KLR-1204', '2023-02-22', 'A10', 30, 'Finishing', 1),
('KLR-1205', '2023-02-22', 'A10', 20, 'Finishing', 6);

-- --------------------------------------------------------

--
-- Struktur dari tabel `brg_msk`
--

CREATE TABLE `brg_msk` (
  `id_brgmsk` varchar(10) NOT NULL,
  `tgl_msk` date NOT NULL,
  `id_suplier` varchar(10) NOT NULL,
  `id_barang` varchar(15) NOT NULL,
  `jml_msk` int(5) NOT NULL,
  `id_user` int(5) NOT NULL
) ENGINE=InnoDB DEFAULT CHARSET=utf8mb4 COLLATE=utf8mb4_general_ci;

--
-- Dumping data untuk tabel `brg_msk`
--

INSERT INTO `brg_msk` (`id_brgmsk`, `tgl_msk`, `id_suplier`, `id_barang`, `jml_msk`, `id_user`) VALUES
('1', '2021-08-01', '1', 'A1', 30, 1),
('10', '2022-06-01', '1', 'A1', 50, 1),
('100', '2022-02-01', '2', 'A17', 115, 1),
('1000', '2021-12-01', '1', 'MFS077', 110, 1),
('1001', '2022-01-01', '1', 'MFS077', 140, 1),
('1002', '2022-02-01', '1', 'MFS077', 120, 1),
('1003', '2022-03-01', '1', 'MFS077', 145, 1),
('1004', '2022-04-01', '1', 'MFS077', 120, 1),
('1005', '2022-05-01', '1', 'MFS077', 135, 1),
('1006', '2022-06-01', '1', 'MFS077', 130, 1),
('1007', '2022-07-01', '1', 'MFS077', 145, 1),
('1008', '2021-08-01', '1', 'MFS078', 110, 1),
('1009', '2021-09-01', '1', 'MFS078', 130, 1),
('101', '2022-03-01', '2', 'A17', 130, 1),
('1010', '2021-10-01', '1', 'MFS078', 120, 1),
('1011', '2021-11-01', '1', 'MFS078', 115, 1),
('1012', '2021-12-01', '1', 'MFS078', 135, 1),
('1013', '2022-01-01', '1', 'MFS078', 150, 1),
('1014', '2022-02-01', '1', 'MFS078', 135, 1),
('1015', '2022-03-01', '1', 'MFS078', 150, 1),
('1016', '2022-04-01', '1', 'MFS078', 110, 1),
('1017', '2022-05-01', '1', 'MFS078', 125, 1),
('1018', '2022-06-01', '1', 'MFS078', 120, 1),
('1019', '2022-07-01', '1', 'MFS078', 155, 1),
('102', '2022-04-01', '2', 'A17', 110, 1),
('1020', '2021-08-01', '1', 'MFS079', 145, 1),
('1021', '2021-09-01', '1', 'MFS079', 155, 1),
('1022', '2021-10-01', '1', 'MFS079', 130, 1),
('1023', '2021-11-01', '1', 'MFS079', 140, 1),
('1024', '2021-12-01', '1', 'MFS079', 120, 1),
('1025', '2022-01-01', '1', 'MFS079', 145, 1),
('1026', '2022-02-01', '1', 'MFS079', 155, 1),
('1027', '2022-03-01', '1', 'MFS079', 130, 1),
('1028', '2022-04-01', '1', 'MFS079', 140, 1),
('1029', '2022-05-01', '1', 'MFS079', 120, 1),
('103', '2022-05-01', '2', 'A17', 125, 1),
('1030', '2022-06-01', '1', 'MFS079', 155, 1),
('1031', '2022-07-01', '1', 'MFS079', 130, 1),
('1032', '2021-08-01', '3', 'MFS080', 100, 1),
('1033', '2021-09-01', '3', 'MFS080', 110, 1),
('1034', '2021-10-01', '3', 'MFS080', 100, 1),
('1035', '2021-11-01', '3', 'MFS080', 110, 1),
('1036', '2021-12-01', '3', 'MFS080', 120, 1),
('1037', '2022-01-01', '3', 'MFS080', 135, 1),
('1038', '2022-02-01', '3', 'MFS080', 110, 1),
('1039', '2022-03-01', '3', 'MFS080', 130, 1),
('104', '2022-06-01', '2', 'A17', 150, 1),
('1040', '2022-04-01', '3', 'MFS080', 120, 1),
('1041', '2022-05-01', '3', 'MFS080', 150, 1),
('1042', '2022-06-01', '3', 'MFS080', 125, 1),
('1043', '2022-07-01', '3', 'MFS080', 135, 1),
('1044', '2021-08-01', '1', 'MFS081', 40, 1),
('1045', '2021-09-01', '1', 'MFS081', 50, 1),
('1046', '2021-10-01', '1', 'MFS081', 65, 1),
('1047', '2021-11-01', '1', 'MFS081', 45, 1),
('1048', '2021-12-01', '1', 'MFS081', 55, 1),
('1049', '2022-01-01', '1', 'MFS081', 65, 1),
('105', '2022-07-01', '2', 'A17', 115, 1),
('1050', '2022-02-01', '1', 'MFS081', 55, 1),
('1051', '2022-03-01', '1', 'MFS081', 65, 1),
('1052', '2022-04-01', '1', 'MFS081', 50, 1),
('1053', '2022-05-01', '1', 'MFS081', 45, 1),
('1054', '2022-06-01', '1', 'MFS081', 50, 1),
('1055', '2022-07-01', '1', 'MFS081', 50, 1),
('1056', '2021-08-01', '1', 'MFS082', 135, 1),
('1057', '2021-09-01', '1', 'MFS082', 150, 1),
('1058', '2021-10-01', '1', 'MFS082', 145, 1),
('1059', '2021-11-01', '1', 'MFS082', 100, 1),
('106', '2021-08-01', '1', 'A18', 105, 1),
('1060', '2021-12-01', '1', 'MFS082', 145, 1),
('1061', '2022-01-01', '1', 'MFS082', 170, 1),
('1062', '2022-02-01', '1', 'MFS082', 100, 1),
('1063', '2022-03-01', '1', 'MFS082', 175, 1),
('1064', '2022-04-01', '1', 'MFS082', 120, 1),
('1065', '2022-05-01', '1', 'MFS082', 140, 1),
('1066', '2022-06-01', '1', 'MFS082', 150, 1),
('1067', '2022-07-01', '1', 'MFS082', 120, 1),
('1068', '2021-08-01', '8', 'MFS083', 145, 1),
('1069', '2021-09-01', '8', 'MFS083', 120, 1),
('107', '2021-09-01', '1', 'A18', 135, 1),
('1070', '2021-10-01', '8', 'MFS083', 130, 1),
('1071', '2021-11-01', '8', 'MFS083', 110, 1),
('1072', '2021-12-01', '8', 'MFS083', 130, 1),
('1073', '2022-01-01', '8', 'MFS083', 120, 1),
('1074', '2022-02-01', '8', 'MFS083', 135, 1),
('1075', '2022-03-01', '8', 'MFS083', 120, 1),
('1076', '2022-04-01', '8', 'MFS083', 140, 1),
('1077', '2022-05-01', '8', 'MFS083', 110, 1),
('1078', '2022-06-01', '8', 'MFS083', 120, 1),
('1079', '2022-07-01', '8', 'MFS083', 110, 1),
('108', '2021-10-01', '1', 'A18', 120, 1),
('1080', '2021-08-01', '2', 'MFS084', 120, 1),
('1081', '2021-09-01', '2', 'MFS084', 140, 1),
('1082', '2021-10-01', '2', 'MFS084', 125, 1),
('1083', '2021-11-01', '2', 'MFS084', 130, 1),
('1084', '2021-12-01', '2', 'MFS084', 125, 1),
('1085', '2022-01-01', '2', 'MFS084', 135, 1),
('1086', '2022-02-01', '2', 'MFS084', 140, 1),
('1087', '2022-03-01', '2', 'MFS084', 145, 1),
('1088', '2022-04-01', '2', 'MFS084', 130, 1),
('1089', '2022-05-01', '2', 'MFS084', 135, 1),
('109', '2021-11-01', '1', 'A18', 125, 1),
('1090', '2022-06-01', '2', 'MFS084', 140, 1),
('1091', '2022-07-01', '2', 'MFS084', 115, 1),
('1092', '2022-01-01', '1', 'MFS085', 40, 1),
('1093', '2022-02-01', '1', 'MFS085', 25, 1),
('1094', '2022-03-01', '1', 'MFS085', 30, 1),
('1095', '2022-04-01', '1', 'MFS085', 35, 1),
('1096', '2022-05-01', '1', 'MFS085', 35, 1),
('1097', '2022-06-01', '1', 'MFS085', 45, 1),
('1098', '2022-07-01', '1', 'MFS085', 25, 1),
('1099', '2021-08-01', '5', 'MFS086', 145, 1),
('11', '2022-07-01', '1', 'A1', 55, 1),
('110', '2021-12-01', '1', 'A18', 135, 1),
('1100', '2021-09-01', '5', 'MFS086', 160, 1),
('1101', '2021-10-01', '5', 'MFS086', 155, 1),
('1102', '2021-11-01', '5', 'MFS086', 120, 1),
('1103', '2021-12-01', '5', 'MFS086', 135, 1),
('1104', '2022-01-01', '5', 'MFS086', 140, 1),
('1105', '2022-02-01', '5', 'MFS086', 125, 1),
('1106', '2022-03-01', '5', 'MFS086', 140, 1),
('1107', '2022-04-01', '5', 'MFS086', 120, 1),
('1108', '2022-05-01', '5', 'MFS086', 135, 1),
('1109', '2022-06-01', '5', 'MFS086', 140, 1),
('111', '2022-01-01', '1', 'A18', 100, 1),
('1110', '2022-07-01', '5', 'MFS086', 145, 1),
('1111', '2021-08-01', '1', 'MFS087', 45, 1),
('1112', '2021-09-01', '1', 'MFS087', 55, 1),
('1113', '2021-10-01', '1', 'MFS087', 45, 1),
('1114', '2021-11-01', '1', 'MFS087', 40, 1),
('1115', '2021-12-01', '1', 'MFS087', 50, 1),
('1116', '2022-01-01', '1', 'MFS087', 60, 1),
('1117', '2022-02-01', '1', 'MFS087', 45, 1),
('1118', '2022-03-01', '1', 'MFS087', 45, 1),
('1119', '2022-04-01', '1', 'MFS087', 50, 1),
('112', '2022-02-01', '1', 'A18', 120, 1),
('1120', '2022-05-01', '1', 'MFS087', 55, 1),
('1121', '2022-06-01', '1', 'MFS087', 60, 1),
('1122', '2022-07-01', '1', 'MFS087', 50, 1),
('1123', '2021-08-01', '1', 'MFS088', 65, 1),
('1124', '2021-09-01', '1', 'MFS088', 65, 1),
('1125', '2021-10-01', '1', 'MFS088', 60, 1),
('1126', '2021-11-01', '1', 'MFS088', 65, 1),
('1127', '2021-12-01', '1', 'MFS088', 45, 1),
('1128', '2022-01-01', '1', 'MFS088', 60, 1),
('1129', '2022-02-01', '1', 'MFS088', 65, 1),
('113', '2022-03-01', '1', 'A18', 110, 1),
('1130', '2022-03-01', '1', 'MFS088', 45, 1),
('1131', '2022-04-01', '1', 'MFS088', 60, 1),
('1132', '2022-05-01', '1', 'MFS088', 55, 1),
('1133', '2022-06-01', '1', 'MFS088', 65, 1),
('1134', '2022-07-01', '1', 'MFS088', 50, 1),
('1135', '2021-08-01', '1', 'MFS089', 215, 1),
('1136', '2021-09-01', '1', 'MFS089', 245, 1),
('1137', '2021-10-01', '1', 'MFS089', 230, 1),
('1138', '2021-11-01', '1', 'MFS089', 235, 1),
('1139', '2021-12-01', '1', 'MFS089', 240, 1),
('114', '2022-04-01', '1', 'A18', 105, 1),
('1140', '2022-01-01', '1', 'MFS089', 260, 1),
('1141', '2022-02-01', '1', 'MFS089', 230, 1),
('1142', '2022-03-01', '1', 'MFS089', 260, 1),
('1143', '2022-04-01', '1', 'MFS089', 240, 1),
('1144', '2022-05-01', '1', 'MFS089', 225, 1),
('1145', '2022-06-01', '1', 'MFS089', 265, 1),
('1146', '2022-07-01', '1', 'MFS089', 230, 1),
('1147', '2021-08-01', '1', 'MFS090', 60, 1),
('1148', '2021-09-01', '1', 'MFS090', 45, 1),
('1149', '2021-12-01', '1', 'MFS090', 65, 1),
('115', '2022-05-01', '1', 'A18', 130, 1),
('1150', '2022-01-01', '1', 'MFS090', 60, 1),
('1151', '2022-02-01', '1', 'MFS090', 45, 1),
('1152', '2022-04-01', '1', 'MFS090', 60, 1),
('1153', '2022-05-01', '1', 'MFS090', 40, 1),
('1154', '2022-06-01', '1', 'MFS090', 50, 1),
('1155', '2022-07-01', '1', 'MFS090', 55, 1),
('1156', '2021-08-01', '2', 'MFS091', 50, 1),
('1157', '2021-09-01', '2', 'MFS091', 55, 1),
('1158', '2021-10-01', '2', 'MFS091', 40, 1),
('1159', '2021-11-01', '2', 'MFS091', 60, 1),
('116', '2022-06-01', '1', 'A18', 100, 1),
('1160', '2021-12-01', '2', 'MFS091', 45, 1),
('1161', '2022-01-01', '2', 'MFS091', 55, 1),
('1162', '2022-02-01', '2', 'MFS091', 45, 1),
('1163', '2022-03-01', '2', 'MFS091', 35, 1),
('1164', '2022-04-01', '2', 'MFS091', 60, 1),
('1165', '2022-05-01', '2', 'MFS091', 45, 1),
('1166', '2022-06-01', '2', 'MFS091', 50, 1),
('1167', '2022-07-01', '2', 'MFS091', 45, 1),
('1168', '2021-08-01', '2', 'MFS092', 245, 1),
('1169', '2021-09-01', '2', 'MFS092', 260, 1),
('117', '2022-07-01', '1', 'A18', 155, 1),
('1170', '2021-10-01', '2', 'MFS092', 250, 1),
('1171', '2021-11-01', '2', 'MFS092', 210, 1),
('1172', '2021-12-01', '2', 'MFS092', 265, 1),
('1173', '2022-01-01', '2', 'MFS092', 195, 1),
('1174', '2022-02-01', '2', 'MFS092', 145, 1),
('1175', '2022-03-01', '2', 'MFS092', 160, 1),
('1176', '2022-04-01', '2', 'MFS092', 135, 1),
('1177', '2022-05-01', '2', 'MFS092', 140, 1),
('1178', '2022-06-01', '2', 'MFS092', 150, 1),
('1179', '2021-07-01', '2', 'MFS092', 180, 1),
('118', '2021-08-01', '1', 'A19', 95, 1),
('1180', '2021-08-01', '1', 'MFS093', 265, 1),
('1181', '2021-09-01', '1', 'MFS093', 280, 1),
('1182', '2021-10-01', '1', 'MFS093', 270, 1),
('1183', '2021-11-01', '1', 'MFS093', 250, 1),
('1184', '2021-12-01', '1', 'MFS093', 255, 1),
('1185', '2022-01-01', '1', 'MFS093', 230, 1),
('1186', '2022-02-01', '1', 'MFS093', 240, 1),
('1187', '2022-03-01', '1', 'MFS093', 245, 1),
('1188', '2022-04-01', '1', 'MFS093', 240, 1),
('1189', '2022-05-01', '1', 'MFS093', 220, 1),
('119', '2021-09-01', '1', 'A19', 100, 1),
('1190', '2022-06-01', '1', 'MFS093', 215, 1),
('1191', '2022-07-01', '10', 'MFS093', 245, 1),
('1192', '2021-08-01', '10', 'MFS096', 300, 1),
('1193', '2021-09-01', '10', 'MFS096', 320, 1),
('1194', '2021-10-01', '10', 'MFS096', 300, 1),
('1195', '2021-11-01', '10', 'MFS096', 280, 1),
('1196', '2021-12-01', '10', 'MFS096', 295, 1),
('1197', '2022-01-01', '10', 'MFS096', 260, 1),
('1198', '2022-02-01', '10', 'MFS096', 220, 1),
('1199', '2022-03-01', '10', 'MFS096', 250, 1),
('12', '2021-08-01', '1', 'A10', 25, 1),
('120', '2021-10-01', '1', 'A19', 110, 1),
('1200', '2022-04-01', '10', 'MFS096', 240, 1),
('1201', '2022-05-01', '10', 'MFS096', 235, 1),
('1202', '2022-06-01', '10', 'MFS096', 250, 1),
('1203', '2022-07-01', '10', 'MFS096', 245, 1),
('121', '2021-11-01', '1', 'A19', 100, 1),
('122', '2021-12-01', '1', 'A19', 100, 1),
('123', '2022-01-01', '1', 'A19', 90, 1),
('124', '2022-02-01', '1', 'A19', 120, 1),
('125', '2022-03-01', '1', 'A19', 115, 1),
('126', '2022-04-01', '1', 'A19', 110, 1),
('127', '2022-05-01', '1', 'A19', 105, 1),
('128', '2022-06-01', '1', 'A19', 140, 1),
('129', '2022-07-01', '1', 'A19', 120, 1),
('13', '2021-09-01', '1', 'A10', 35, 1),
('130', '2021-08-01', '1', 'A2', 25, 1),
('131', '2021-09-01', '1', 'A2', 45, 1),
('132', '2021-10-01', '1', 'A2', 40, 1),
('133', '2021-11-01', '1', 'A2', 35, 1),
('134', '2021-12-01', '1', 'A2', 50, 1),
('135', '2022-01-01', '1', 'A2', 50, 1),
('136', '2022-02-01', '1', 'A2', 65, 1),
('137', '2022-03-01', '1', 'A2', 70, 1),
('138', '2022-04-01', '1', 'A2', 60, 1),
('139', '2022-05-01', '1', 'A2', 55, 1),
('14', '2021-10-01', '1', 'A10', 40, 1),
('140', '2022-06-01', '1', 'A2', 55, 1),
('141', '2022-07-01', '1', 'A2', 50, 1),
('142', '2021-08-01', '1', 'A20', 90, 1),
('143', '2021-09-01', '1', 'A20', 115, 1),
('144', '2021-10-01', '1', 'A20', 120, 1),
('145', '2021-11-01', '1', 'A20', 110, 1),
('146', '2021-12-01', '1', 'A20', 115, 1),
('147', '2022-01-01', '1', 'A20', 105, 1),
('148', '2022-02-01', '1', 'A20', 120, 1),
('149', '2022-03-01', '1', 'A20', 110, 1),
('15', '2021-11-01', '1', 'A10', 35, 1),
('150', '2022-04-01', '1', 'A20', 125, 1),
('151', '2022-05-01', '1', 'A20', 100, 1),
('152', '2022-06-01', '1', 'A20', 140, 1),
('153', '2022-07-01', '1', 'A20', 100, 1),
('154', '2021-08-01', '1', 'A21', 100, 1),
('155', '2021-09-01', '1', 'A21', 130, 1),
('156', '2021-10-01', '1', 'A21', 115, 1),
('157', '2021-11-01', '1', 'A21', 120, 1),
('158', '2021-12-01', '1', 'A21', 130, 1),
('159', '2022-01-01', '1', 'A21', 135, 1),
('16', '2021-12-01', '1', 'A10', 50, 1),
('160', '2022-02-01', '1', 'A21', 120, 1),
('161', '2022-03-01', '1', 'A21', 110, 1),
('162', '2022-04-01', '1', 'A21', 125, 1),
('163', '2022-05-01', '1', 'A21', 105, 1),
('164', '2022-06-01', '1', 'A21', 110, 1),
('165', '2022-07-01', '1', 'A21', 115, 1),
('166', '2021-08-01', '1', 'A3', 30, 1),
('167', '2021-09-01', '1', 'A3', 40, 1),
('168', '2021-10-01', '1', 'A3', 45, 1),
('169', '2021-11-01', '1', 'A3', 35, 1),
('17', '2022-01-01', '1', 'A10', 50, 1),
('170', '2021-12-01', '1', 'A3', 35, 1),
('171', '2022-01-01', '1', 'A3', 50, 1),
('172', '2022-02-01', '1', 'A3', 55, 1),
('173', '2022-03-01', '1', 'A3', 40, 1),
('174', '2022-04-01', '1', 'A3', 45, 1),
('175', '2022-05-01', '1', 'A3', 60, 1),
('176', '2022-06-01', '1', 'A3', 35, 1),
('177', '2022-07-01', '1', 'A3', 50, 1),
('178', '2021-08-01', '1', 'A4', 25, 1),
('179', '2021-09-01', '1', 'A4', 35, 1),
('18', '2022-02-01', '1', 'A10', 45, 1),
('180', '2021-10-01', '1', 'A4', 45, 1),
('181', '2021-11-01', '1', 'A4', 30, 1),
('182', '2021-12-01', '1', 'A4', 45, 1),
('183', '2022-01-01', '1', 'A4', 45, 1),
('184', '2022-02-01', '1', 'A4', 30, 1),
('185', '2022-03-01', '1', 'A4', 50, 1),
('186', '2022-04-01', '1', 'A4', 55, 1),
('187', '2022-05-01', '1', 'A4', 30, 1),
('188', '2022-06-01', '1', 'A4', 40, 1),
('189', '2022-07-01', '1', 'A4', 45, 1),
('19', '2022-03-01', '1', 'A10', 35, 1),
('190', '2021-08-01', '1', 'A5', 30, 1),
('191', '2021-09-01', '1', 'A5', 40, 1),
('192', '2021-10-01', '1', 'A5', 50, 1),
('193', '2021-11-01', '1', 'A5', 45, 1),
('194', '2021-12-01', '1', 'A5', 50, 1),
('195', '2022-01-01', '1', 'A5', 60, 1),
('196', '2022-02-01', '1', 'A5', 55, 1),
('197', '2022-03-01', '1', 'A5', 40, 1),
('198', '2022-04-01', '1', 'A5', 65, 1),
('199', '2022-05-01', '1', 'A5', 45, 1),
('2', '2021-09-01', '1', 'A1', 40, 1),
('20', '2022-04-01', '1', 'A10', 40, 1),
('200', '2022-06-01', '1', 'A5', 55, 1),
('201', '2022-07-01', '1', 'A5', 50, 1),
('202', '2021-08-01', '1', 'A6', 35, 1),
('203', '2021-09-01', '1', 'A6', 50, 1),
('204', '2021-10-01', '1', 'A6', 40, 1),
('205', '2021-11-01', '1', 'A6', 45, 1),
('206', '2021-12-01', '1', 'A6', 45, 1),
('207', '2022-01-01', '1', 'A6', 55, 1),
('208', '2022-02-01', '1', 'A6', 40, 1),
('209', '2022-03-01', '1', 'A6', 45, 1),
('21', '2022-05-01', '1', 'A10', 55, 1),
('210', '2022-04-01', '1', 'A6', 35, 1),
('211', '2022-05-01', '1', 'A6', 50, 1),
('212', '2022-06-01', '1', 'A6', 45, 1),
('213', '2022-07-01', '1', 'A6', 50, 1),
('214', '2021-08-01', '1', 'A7', 30, 1),
('215', '2021-09-01', '1', 'A7', 45, 1),
('216', '2021-10-01', '1', 'A7', 40, 1),
('217', '2021-11-01', '1', 'A7', 50, 1),
('218', '2021-12-01', '1', 'A7', 35, 1),
('219', '2022-01-01', '1', 'A7', 60, 1),
('22', '2022-06-01', '1', 'A10', 65, 1),
('220', '2022-02-01', '1', 'A7', 65, 1),
('221', '2022-03-01', '1', 'A7', 50, 1),
('222', '2022-04-01', '1', 'A7', 55, 1),
('223', '2022-05-01', '1', 'A7', 40, 1),
('224', '2022-06-01', '1', 'A7', 50, 1),
('225', '2022-07-01', '1', 'A7', 60, 1),
('226', '2021-08-01', '1', 'A8', 35, 1),
('227', '2021-09-01', '1', 'A8', 30, 1),
('228', '2021-10-01', '1', 'A8', 45, 1),
('229', '2021-11-01', '1', 'A8', 40, 1),
('23', '2022-07-01', '1', 'A10', 45, 1),
('230', '2021-12-01', '1', 'A8', 45, 1),
('231', '2022-01-01', '1', 'A8', 50, 1),
('232', '2022-02-01', '1', 'A8', 60, 1),
('233', '2022-03-01', '1', 'A8', 40, 1),
('234', '2022-04-01', '1', 'A8', 45, 1),
('235', '2022-05-01', '1', 'A8', 55, 1),
('236', '2022-06-01', '1', 'A8', 45, 1),
('237', '2022-07-01', '1', 'A8', 40, 1),
('238', '2021-08-01', '1', 'A9', 35, 1),
('239', '2021-09-01', '1', 'A9', 50, 1),
('24', '2021-08-01', '1', 'A11', 30, 1),
('240', '2021-10-01', '1', 'A9', 55, 1),
('241', '2021-11-01', '1', 'A9', 40, 1),
('242', '2021-12-01', '1', 'A9', 55, 1),
('243', '2022-01-01', '1', 'A9', 70, 1),
('244', '2022-02-01', '1', 'A9', 60, 1),
('245', '2022-03-01', '1', 'A9', 75, 1),
('246', '2022-04-01', '1', 'A9', 50, 1),
('247', '2022-05-01', '1', 'A9', 45, 1),
('248', '2022-06-01', '1', 'A9', 55, 1),
('249', '2022-07-01', '1', 'A9', 60, 1),
('25', '2021-09-01', '1', 'A11', 45, 1),
('250', '2021-08-01', '1', 'MFS003', 40, 1),
('251', '2021-09-01', '1', 'MFS003', 45, 1),
('252', '2021-10-01', '1', 'MFS003', 50, 1),
('253', '2021-11-01', '1', 'MFS003', 60, 1),
('254', '2021-12-01', '1', 'MFS003', 40, 1),
('255', '2022-01-01', '1', 'MFS003', 60, 1),
('256', '2022-02-01', '1', 'MFS003', 50, 1),
('257', '2022-03-01', '1', 'MFS003', 75, 1),
('258', '2022-04-01', '1', 'MFS003', 65, 1),
('259', '2022-05-01', '1', 'MFS003', 55, 1),
('26', '2021-10-01', '1', 'A11', 50, 1),
('260', '2022-06-01', '1', 'MFS003', 50, 1),
('261', '2022-07-01', '1', 'MFS003', 65, 1),
('262', '2021-08-01', '1', 'MFS004', 30, 1),
('263', '2021-09-01', '1', 'MFS004', 40, 1),
('264', '2021-10-01', '1', 'MFS004', 50, 1),
('265', '2021-11-01', '1', 'MFS004', 45, 1),
('266', '2021-12-01', '1', 'MFS004', 40, 1),
('267', '2022-01-01', '1', 'MFS004', 65, 1),
('268', '2022-02-01', '1', 'MFS004', 50, 1),
('269', '2022-03-01', '1', 'MFS004', 70, 1),
('27', '2021-11-01', '1', 'A11', 40, 1),
('270', '2022-04-01', '1', 'MFS004', 40, 1),
('271', '2022-05-01', '1', 'MFS004', 45, 1),
('272', '2022-06-01', '1', 'MFS004', 55, 1),
('273', '2022-07-01', '1', 'MFS004', 50, 1),
('274', '2021-08-01', '1', 'MFS005', 35, 1),
('275', '2021-09-01', '1', 'MFS005', 45, 1),
('276', '2021-10-01', '1', 'MFS005', 60, 1),
('277', '2021-11-01', '1', 'MFS005', 55, 1),
('278', '2021-12-01', '1', 'MFS005', 65, 1),
('279', '2022-01-01', '1', 'MFS005', 80, 1),
('28', '2021-12-01', '1', 'A11', 55, 1),
('280', '2022-02-01', '1', 'MFS005', 90, 1),
('281', '2022-03-01', '1', 'MFS005', 65, 1),
('282', '2022-04-01', '1', 'MFS005', 70, 1),
('283', '2022-05-01', '1', 'MFS005', 50, 1),
('284', '2022-06-01', '1', 'MFS005', 45, 1),
('285', '2022-07-01', '1', 'MFS005', 90, 1),
('286', '2021-08-01', '5', 'MFS007', 35, 1),
('287', '2021-09-01', '5', 'MFS007', 60, 1),
('288', '2021-10-01', '5', 'MFS007', 70, 1),
('289', '2021-11-01', '5', 'MFS007', 50, 1),
('29', '2022-01-01', '1', 'A11', 40, 1),
('290', '2021-12-01', '5', 'MFS007', 45, 1),
('291', '2022-01-01', '5', 'MFS007', 40, 1),
('292', '2022-02-01', '5', 'MFS007', 60, 1),
('293', '2022-03-01', '5', 'MFS007', 75, 1),
('294', '2022-04-01', '5', 'MFS007', 55, 1),
('295', '2022-05-01', '5', 'MFS007', 40, 1),
('296', '2022-06-01', '5', 'MFS007', 60, 1),
('297', '2022-07-01', '5', 'MFS007', 60, 1),
('298', '2021-08-01', '1', 'MFS008', 25, 1),
('299', '2021-09-01', '1', 'MFS008', 40, 1),
('3', '2021-10-01', '1', 'A1', 35, 1),
('30', '2022-02-01', '1', 'A11', 55, 1),
('300', '2021-10-01', '1', 'MFS008', 35, 1),
('301', '2021-11-01', '1', 'MFS008', 45, 1),
('302', '2021-12-01', '1', 'MFS008', 35, 1),
('303', '2022-01-01', '1', 'MFS008', 40, 1),
('304', '2022-02-01', '1', 'MFS008', 50, 1),
('305', '2022-03-01', '1', 'MFS008', 45, 1),
('306', '2022-04-01', '1', 'MFS008', 60, 1),
('307', '2022-05-01', '1', 'MFS008', 40, 1),
('308', '2022-06-01', '1', 'MFS008', 50, 1),
('309', '2022-07-01', '1', 'MFS008', 50, 1),
('31', '2022-03-01', '1', 'A11', 45, 1),
('310', '2021-08-01', '6', 'MFS014', 50, 1),
('311', '2021-09-01', '6', 'MFS014', 55, 1),
('312', '2021-10-01', '6', 'MFS014', 45, 1),
('313', '2021-11-01', '6', 'MFS014', 50, 1),
('314', '2021-12-01', '6', 'MFS014', 50, 1),
('315', '2022-01-01', '6', 'MFS014', 60, 1),
('316', '2022-02-01', '6', 'MFS014', 50, 1),
('317', '2022-03-01', '6', 'MFS014', 50, 1),
('318', '2022-04-01', '6', 'MFS014', 45, 1),
('319', '2022-05-01', '6', 'MFS014', 40, 1),
('32', '2022-04-01', '1', 'A11', 35, 1),
('320', '2022-06-01', '6', 'MFS014', 55, 1),
('321', '2022-07-01', '6', 'MFS014', 50, 1),
('322', '2021-08-01', '7', 'MFS015', 45, 1),
('323', '2021-09-01', '7', 'MFS015', 25, 1),
('324', '2021-10-01', '7', 'MFS015', 35, 1),
('325', '2021-11-01', '7', 'MFS015', 35, 1),
('326', '2021-12-01', '7', 'MFS015', 30, 1),
('327', '2022-01-01', '7', 'MFS015', 40, 1),
('328', '2022-02-01', '7', 'MFS015', 30, 1),
('329', '2022-03-01', '7', 'MFS015', 40, 1),
('33', '2022-05-01', '1', 'A11', 40, 1),
('330', '2022-04-01', '7', 'MFS015', 35, 1),
('331', '2022-05-01', '7', 'MFS015', 45, 1),
('332', '2022-06-01', '7', 'MFS015', 40, 1),
('333', '2022-07-01', '7', 'MFS015', 30, 1),
('334', '2021-08-01', '7', 'MFS016', 50, 1),
('335', '2021-09-01', '7', 'MFS016', 50, 1),
('336', '2021-10-01', '7', 'MFS016', 55, 1),
('337', '2021-11-01', '7', 'MFS016', 45, 1),
('338', '2022-02-01', '7', 'MFS016', 50, 1),
('339', '2022-03-01', '7', 'MFS016', 70, 1),
('34', '2022-06-01', '1', 'A11', 45, 1),
('340', '2022-04-01', '7', 'MFS016', 65, 1),
('341', '2022-05-01', '7', 'MFS016', 55, 1),
('342', '2022-06-01', '7', 'MFS016', 50, 1),
('343', '2022-07-01', '7', 'MFS016', 50, 1),
('344', '2021-08-01', '7', 'MFS017', 45, 1),
('345', '2021-09-01', '7', 'MFS017', 55, 1),
('346', '2021-10-01', '7', 'MFS017', 45, 1),
('347', '2021-11-01', '7', 'MFS017', 45, 1),
('348', '2021-12-01', '7', 'MFS017', 50, 1),
('349', '2022-01-01', '7', 'MFS017', 55, 1),
('35', '2022-07-01', '1', 'A11', 50, 1),
('350', '2022-02-01', '7', 'MFS017', 40, 1),
('351', '2022-03-01', '7', 'MFS017', 50, 1),
('352', '2022-04-01', '7', 'MFS017', 60, 1),
('353', '2022-05-01', '7', 'MFS017', 55, 1),
('354', '2022-06-01', '7', 'MFS017', 45, 1),
('355', '2022-07-01', '7', 'MFS017', 40, 1),
('356', '2021-08-01', '7', 'MFS018', 45, 1),
('357', '2021-09-01', '7', 'MFS018', 40, 1),
('358', '2021-10-01', '7', 'MFS018', 55, 1),
('359', '2022-02-01', '7', 'MFS018', 35, 1),
('36', '2021-08-01', '1', 'A12', 30, 1),
('360', '2022-03-01', '7', 'MFS018', 40, 1),
('361', '2022-06-01', '7', 'MFS018', 40, 1),
('362', '2022-07-01', '7', 'MFS018', 35, 1),
('363', '2021-08-01', '1', 'MFS019', 50, 1),
('364', '2021-09-01', '1', 'MFS019', 30, 1),
('365', '2021-10-01', '1', 'MFS019', 45, 1),
('366', '2021-11-01', '1', 'MFS019', 50, 1),
('367', '2021-12-01', '1', 'MFS019', 45, 1),
('368', '2022-01-01', '1', 'MFS019', 50, 1),
('369', '2022-02-01', '1', 'MFS019', 45, 1),
('37', '2021-09-01', '1', 'A12', 50, 1),
('370', '2022-04-01', '1', 'MFS019', 40, 1),
('371', '2022-05-01', '1', 'MFS019', 55, 1),
('372', '2022-06-01', '1', 'MFS019', 35, 1),
('373', '2022-07-01', '1', 'MFS019', 40, 1),
('374', '2021-08-01', '1', 'MFS020', 100, 1),
('375', '2021-09-01', '1', 'MFS020', 135, 1),
('376', '2021-10-01', '1', 'MFS020', 120, 1),
('377', '2021-11-01', '1', 'MFS020', 130, 1),
('378', '2021-12-01', '1', 'MFS020', 155, 1),
('379', '2022-01-01', '1', 'MFS020', 150, 1),
('38', '2021-10-01', '1', 'A12', 45, 1),
('380', '2022-02-01', '1', 'MFS020', 100, 1),
('381', '2022-03-01', '1', 'MFS020', 125, 1),
('382', '2022-04-01', '1', 'MFS020', 135, 1),
('383', '2022-05-01', '1', 'MFS020', 120, 1),
('384', '2022-06-01', '1', 'MFS020', 135, 1),
('385', '2022-07-01', '1', 'MFS020', 125, 1),
('386', '2021-08-01', '1', 'MFS021', 40, 1),
('387', '2021-09-01', '1', 'MFS021', 30, 1),
('388', '2021-10-01', '1', 'MFS021', 45, 1),
('389', '2021-11-01', '1', 'MFS021', 35, 1),
('39', '2021-11-01', '1', 'A12', 40, 1),
('390', '2021-12-01', '1', 'MFS021', 40, 1),
('391', '2022-01-01', '1', 'MFS021', 60, 1),
('392', '2022-02-01', '1', 'MFS021', 35, 1),
('393', '2022-03-01', '1', 'MFS021', 50, 1),
('394', '2022-04-01', '1', 'MFS021', 65, 1),
('395', '2022-05-01', '1', 'MFS021', 55, 1),
('396', '2022-06-01', '1', 'MFS021', 40, 1),
('397', '2022-07-01', '1', 'MFS021', 65, 1),
('398', '2021-08-01', '7', 'MFS022', 300, 1),
('399', '2021-09-01', '7', 'MFS022', 345, 1),
('4', '2021-11-01', '1', 'A1', 50, 1),
('40', '2021-12-01', '1', 'A12', 40, 1),
('400', '2021-10-01', '7', 'MFS022', 305, 1),
('401', '2021-11-01', '7', 'MFS022', 320, 1),
('402', '2021-12-01', '7', 'MFS022', 315, 1),
('403', '2022-01-01', '7', 'MFS022', 285, 1),
('404', '2022-02-01', '7', 'MFS022', 315, 1),
('405', '2022-03-01', '7', 'MFS022', 305, 1),
('406', '2022-04-01', '7', 'MFS022', 290, 1),
('407', '2022-05-01', '7', 'MFS022', 310, 1),
('408', '2022-06-01', '7', 'MFS022', 300, 1),
('409', '2022-07-01', '7', 'MFS022', 340, 1),
('41', '2022-01-01', '1', 'A12', 50, 1),
('410', '2021-08-01', '1', 'MFS023', 230, 1),
('411', '2021-09-01', '1', 'MFS023', 250, 1),
('412', '2021-10-01', '1', 'MFS023', 260, 1),
('413', '2021-11-01', '1', 'MFS023', 240, 1),
('414', '2021-12-01', '1', 'MFS023', 285, 1),
('415', '2022-01-01', '1', 'MFS023', 240, 1),
('416', '2022-02-01', '1', 'MFS023', 255, 1),
('417', '2022-03-01', '1', 'MFS023', 245, 1),
('418', '2022-04-01', '1', 'MFS023', 250, 1),
('419', '2022-05-01', '1', 'MFS023', 260, 1),
('42', '2022-02-01', '1', 'A12', 45, 1),
('420', '2022-06-01', '1', 'MFS023', 240, 1),
('421', '2022-07-01', '1', 'MFS023', 230, 1),
('422', '2021-08-01', '1', 'MFS024', 150, 1),
('423', '2021-09-01', '1', 'MFS024', 180, 1),
('424', '2021-10-01', '1', 'MFS024', 160, 1),
('425', '2021-11-01', '1', 'MFS024', 110, 1),
('426', '2021-12-01', '1', 'MFS024', 165, 1),
('427', '2022-01-01', '1', 'MFS024', 150, 1),
('428', '2022-02-01', '1', 'MFS024', 130, 1),
('429', '2022-03-01', '1', 'MFS024', 140, 1),
('43', '2022-03-01', '1', 'A12', 35, 1),
('430', '2022-04-01', '1', 'MFS024', 110, 1),
('431', '2022-05-01', '1', 'MFS024', 120, 1),
('432', '2022-06-01', '1', 'MFS024', 105, 1),
('433', '2022-07-01', '1', 'MFS024', 115, 1),
('434', '2021-08-01', '1', 'MFS025', 130, 1),
('435', '2021-09-01', '1', 'MFS025', 175, 1),
('436', '2021-10-01', '1', 'MFS025', 150, 1),
('437', '2021-11-01', '1', 'MFS025', 140, 1),
('438', '2021-12-01', '1', 'MFS025', 135, 1),
('439', '2022-01-01', '1', 'MFS025', 140, 1),
('44', '2022-04-01', '1', 'A12', 40, 1),
('440', '2022-02-01', '1', 'MFS025', 155, 1),
('441', '2022-03-01', '1', 'MFS025', 150, 1),
('442', '2022-04-01', '1', 'MFS025', 130, 1),
('443', '2022-05-01', '1', 'MFS025', 135, 1),
('444', '2022-06-01', '1', 'MFS025', 125, 1),
('445', '2022-07-01', '1', 'MFS025', 145, 1),
('446', '2021-08-01', '7', 'MFS026', 65, 1),
('447', '2021-09-01', '7', 'MFS026', 45, 1),
('448', '2021-10-01', '7', 'MFS026', 40, 1),
('449', '2021-11-01', '7', 'MFS026', 50, 1),
('45', '2022-05-01', '1', 'A12', 55, 1),
('450', '2021-12-01', '7', 'MFS026', 60, 1),
('451', '2022-01-01', '7', 'MFS026', 60, 1),
('452', '2022-02-01', '7', 'MFS026', 50, 1),
('453', '2022-03-01', '7', 'MFS026', 45, 1),
('454', '2022-04-01', '7', 'MFS026', 50, 1),
('455', '2022-05-01', '7', 'MFS026', 55, 1),
('456', '2022-06-01', '7', 'MFS026', 50, 1),
('457', '2022-07-01', '7', 'MFS026', 60, 1),
('458', '2021-08-01', '7', 'MFS027', 205, 1),
('459', '2021-09-01', '7', 'MFS027', 265, 1),
('46', '2022-06-01', '1', 'A12', 45, 1),
('460', '2021-10-01', '7', 'MFS027', 260, 1),
('461', '2021-11-01', '7', 'MFS027', 220, 1),
('462', '2021-12-01', '7', 'MFS027', 245, 1),
('463', '2022-01-01', '7', 'MFS027', 260, 1),
('464', '2022-02-01', '7', 'MFS027', 270, 1),
('465', '2022-03-01', '7', 'MFS027', 250, 1),
('466', '2022-04-01', '7', 'MFS027', 230, 1),
('467', '2022-05-01', '7', 'MFS027', 255, 1),
('468', '2022-06-01', '7', 'MFS027', 215, 1),
('469', '2022-07-01', '7', 'MFS027', 235, 1),
('47', '2022-07-01', '1', 'A12', 50, 1),
('470', '2021-08-01', '1', 'MFS028', 50, 1),
('471', '2021-09-01', '1', 'MFS028', 50, 1),
('472', '2021-10-01', '1', 'MFS028', 55, 1),
('473', '2021-11-01', '1', 'MFS028', 45, 1),
('474', '2021-12-01', '1', 'MFS028', 40, 1),
('475', '2022-01-01', '1', 'MFS028', 50, 1),
('476', '2022-02-01', '1', 'MFS028', 35, 1),
('477', '2022-04-01', '1', 'MFS028', 55, 1),
('478', '2022-05-01', '1', 'MFS028', 40, 1),
('479', '2022-06-01', '1', 'MFS028', 50, 1),
('48', '2021-08-01', '2', 'A13', 20, 1),
('480', '2022-07-01', '1', 'MFS028', 45, 1),
('481', '2021-08-01', '1', 'MFS029', 150, 1),
('482', '2021-09-01', '1', 'MFS029', 135, 1),
('483', '2021-10-01', '1', 'MFS029', 145, 1),
('484', '2021-11-01', '1', 'MFS029', 110, 1),
('485', '2021-12-01', '1', 'MFS029', 120, 1),
('486', '2022-01-01', '1', 'MFS029', 140, 1),
('487', '2022-02-01', '1', 'MFS029', 155, 1),
('488', '2022-03-01', '1', 'MFS029', 130, 1),
('489', '2022-04-01', '1', 'MFS029', 145, 1),
('49', '2021-09-01', '2', 'A13', 40, 1),
('490', '2022-05-01', '1', 'MFS029', 165, 1),
('491', '2022-06-01', '1', 'MFS029', 155, 1),
('492', '2022-07-01', '1', 'MFS029', 120, 1),
('493', '2021-08-01', '6', 'MFS030', 55, 1),
('494', '2021-09-01', '6', 'MFS030', 45, 1),
('495', '2021-10-01', '6', 'MFS030', 40, 1),
('496', '2021-11-01', '6', 'MFS030', 50, 1),
('497', '2021-12-01', '6', 'MFS030', 40, 1),
('498', '2022-04-01', '6', 'MFS030', 40, 1),
('499', '2022-06-01', '6', 'MFS030', 65, 1),
('5', '2021-12-01', '1', 'A1', 45, 1),
('50', '2021-10-01', '2', 'A13', 50, 1),
('500', '2022-07-01', '6', 'MFS030', 45, 1),
('501', '2021-08-01', '6', 'MFS031', 65, 1),
('502', '2021-09-01', '6', 'MFS031', 70, 1),
('503', '2021-10-01', '6', 'MFS031', 75, 1),
('504', '2021-11-01', '6', 'MFS031', 55, 1),
('505', '2021-12-01', '6', 'MFS031', 65, 1),
('506', '2022-01-01', '6', 'MFS031', 65, 1),
('507', '2022-02-01', '6', 'MFS031', 80, 1),
('508', '2022-03-01', '6', 'MFS031', 75, 1),
('509', '2022-04-01', '6', 'MFS031', 70, 1),
('51', '2021-11-01', '2', 'A13', 35, 1),
('510', '2022-05-01', '6', 'MFS031', 70, 1),
('511', '2022-06-01', '6', 'MFS031', 75, 1),
('512', '2022-07-01', '6', 'MFS031', 80, 1),
('513', '2021-08-01', '6', 'MFS032', 100, 1),
('514', '2021-09-01', '6', 'MFS032', 35, 1),
('515', '2021-10-01', '6', 'MFS032', 85, 1),
('516', '2021-11-01', '6', 'MFS032', 65, 1),
('517', '2021-12-01', '6', 'MFS032', 75, 1),
('518', '2022-01-01', '6', 'MFS032', 75, 1),
('519', '2022-02-01', '6', 'MFS032', 70, 1),
('52', '2021-12-01', '2', 'A13', 50, 1),
('520', '2022-03-01', '6', 'MFS032', 50, 1),
('521', '2022-04-01', '6', 'MFS032', 80, 1),
('522', '2022-05-01', '6', 'MFS032', 85, 1),
('523', '2022-06-01', '6', 'MFS032', 55, 1),
('524', '2022-07-01', '6', 'MFS032', 60, 1),
('525', '2021-08-01', '6', 'MFS033', 50, 1),
('526', '2021-09-01', '6', 'MFS033', 35, 1),
('527', '2021-10-01', '6', 'MFS033', 55, 1),
('528', '2021-11-01', '6', 'MFS033', 45, 1),
('529', '2021-12-01', '6', 'MFS033', 45, 1),
('53', '2022-03-01', '2', 'A13', 35, 1),
('530', '2022-01-01', '6', 'MFS033', 45, 1),
('531', '2022-04-01', '6', 'MFS033', 40, 1),
('532', '2022-05-01', '6', 'MFS033', 50, 1),
('533', '2022-06-01', '6', 'MFS033', 40, 1),
('534', '2022-07-01', '6', 'MFS033', 50, 1),
('535', '2021-11-01', '1', 'MFS034', 80, 1),
('536', '2021-12-01', '1', 'MFS034', 60, 1),
('537', '2022-01-01', '1', 'MFS034', 75, 1),
('538', '2022-02-01', '1', 'MFS034', 70, 1),
('539', '2022-03-01', '1', 'MFS034', 80, 1),
('54', '2022-04-01', '2', 'A13', 30, 1),
('540', '2022-04-01', '1', 'MFS034', 75, 1),
('541', '2022-05-01', '1', 'MFS034', 65, 1),
('542', '2022-06-01', '1', 'MFS034', 75, 1),
('543', '2022-07-01', '1', 'MFS034', 65, 1),
('544', '2021-08-01', '6', 'MFS035', 45, 1),
('545', '2021-09-01', '6', 'MFS035', 40, 1),
('546', '2021-10-01', '6', 'MFS035', 50, 1),
('547', '2021-11-01', '6', 'MFS035', 55, 1),
('548', '2021-12-01', '6', 'MFS035', 45, 1),
('549', '2022-01-01', '6', 'MFS035', 50, 1),
('55', '2022-05-01', '2', 'A13', 40, 1),
('550', '2022-02-01', '6', 'MFS035', 55, 1),
('551', '2022-03-01', '6', 'MFS035', 35, 1),
('552', '2022-04-01', '6', 'MFS035', 45, 1),
('553', '2022-05-01', '6', 'MFS035', 40, 1),
('554', '2022-06-01', '6', 'MFS035', 55, 1),
('555', '2022-07-01', '6', 'MFS035', 45, 1),
('556', '2021-08-01', '6', 'MFS036', 125, 1),
('557', '2021-09-01', '6', 'MFS036', 145, 1),
('558', '2021-10-01', '6', 'MFS036', 135, 1),
('559', '2021-11-01', '6', 'MFS036', 105, 1),
('56', '2022-06-01', '2', 'A13', 30, 1),
('560', '2021-12-01', '6', 'MFS036', 110, 1),
('561', '2022-01-01', '6', 'MFS036', 130, 1),
('562', '2022-02-01', '6', 'MFS036', 125, 1),
('563', '2022-03-01', '6', 'MFS036', 150, 1),
('564', '2022-04-01', '6', 'MFS036', 110, 1),
('565', '2022-05-01', '6', 'MFS036', 120, 1),
('566', '2022-06-01', '6', 'MFS036', 110, 1),
('567', '2022-07-01', '6', 'MFS036', 115, 1),
('568', '2021-08-01', '1', 'MFS037', 115, 1),
('569', '2021-09-01', '1', 'MFS037', 105, 1),
('57', '2022-07-01', '2', 'A13', 45, 1),
('570', '2021-10-01', '1', 'MFS037', 120, 1),
('571', '2021-11-01', '1', 'MFS037', 150, 1),
('572', '2021-12-01', '1', 'MFS037', 140, 1),
('573', '2022-01-01', '1', 'MFS037', 150, 1),
('574', '2022-02-01', '1', 'MFS037', 135, 1),
('575', '2022-03-01', '1', 'MFS037', 140, 1),
('576', '2022-04-01', '1', 'MFS037', 130, 1),
('577', '2022-05-01', '1', 'MFS037', 155, 1),
('578', '2022-06-01', '1', 'MFS037', 140, 1),
('579', '2022-07-01', '1', 'MFS037', 150, 1),
('58', '2021-08-01', '3', 'A14', 110, 1),
('580', '2021-08-01', '8', 'MFS038', 145, 1),
('581', '2021-09-01', '8', 'MFS038', 125, 1),
('582', '2021-10-01', '8', 'MFS038', 130, 1),
('583', '2021-11-01', '8', 'MFS038', 115, 1),
('584', '2021-12-01', '8', 'MFS038', 120, 1),
('585', '2022-01-01', '8', 'MFS038', 135, 1),
('586', '2022-02-01', '8', 'MFS038', 140, 1),
('587', '2022-03-01', '8', 'MFS038', 120, 1),
('588', '2022-04-01', '8', 'MFS038', 150, 1),
('589', '2022-05-01', '8', 'MFS038', 110, 1),
('59', '2021-09-01', '3', 'A14', 125, 1),
('590', '2022-06-01', '8', 'MFS038', 120, 1),
('591', '2022-07-01', '8', 'MFS038', 115, 1),
('592', '2021-08-01', '1', 'MFS039', 100, 1),
('593', '2021-09-01', '1', 'MFS039', 110, 1),
('594', '2021-10-01', '1', 'MFS039', 125, 1),
('595', '2021-11-01', '1', 'MFS039', 105, 1),
('596', '2021-12-01', '1', 'MFS039', 130, 1),
('597', '2022-01-01', '1', 'MFS039', 140, 1),
('598', '2022-02-01', '1', 'MFS039', 125, 1),
('599', '2022-03-01', '1', 'MFS039', 120, 1),
('6', '2022-02-01', '1', 'A1', 40, 1),
('60', '2021-10-01', '3', 'A14', 140, 1),
('600', '2022-04-01', '1', 'MFS039', 110, 1),
('601', '2022-05-01', '1', 'MFS039', 105, 1),
('602', '2022-06-01', '1', 'MFS039', 115, 1),
('603', '2022-07-01', '1', 'MFS039', 105, 1),
('604', '2021-08-01', '1', 'MFS040', 150, 1),
('605', '2021-09-01', '1', 'MFS040', 165, 1),
('606', '2021-10-01', '1', 'MFS040', 180, 1),
('607', '2021-11-01', '1', 'MFS040', 170, 1),
('608', '2021-12-01', '1', 'MFS040', 160, 1),
('609', '2022-01-01', '1', 'MFS040', 150, 1),
('61', '2021-11-01', '3', 'A14', 130, 1),
('610', '2022-02-01', '1', 'MFS040', 140, 1),
('611', '2022-03-01', '1', 'MFS040', 155, 1),
('612', '2022-04-01', '1', 'MFS040', 165, 1),
('613', '2022-05-01', '1', 'MFS040', 155, 1),
('614', '2022-06-01', '1', 'MFS040', 160, 1),
('615', '2022-07-01', '1', 'MFS040', 170, 1),
('616', '2021-08-01', '1', 'MFS041', 170, 1),
('617', '2021-09-01', '1', 'MFS041', 140, 1),
('618', '2021-10-01', '1', 'MFS041', 160, 1),
('619', '2021-11-01', '1', 'MFS041', 150, 1),
('62', '2021-12-01', '3', 'A14', 135, 1),
('620', '2021-12-01', '1', 'MFS041', 155, 1),
('621', '2022-01-01', '1', 'MFS041', 150, 1),
('622', '2022-02-01', '1', 'MFS041', 130, 1),
('623', '2022-03-01', '1', 'MFS041', 145, 1),
('624', '2022-04-01', '1', 'MFS041', 140, 1),
('625', '2022-05-01', '1', 'MFS041', 135, 1),
('626', '2022-06-01', '1', 'MFS041', 155, 1),
('627', '2022-07-01', '1', 'MFS041', 130, 1),
('628', '2021-08-01', '1', 'MFS043', 260, 1),
('629', '2021-09-01', '1', 'MFS043', 290, 1),
('63', '2022-01-01', '3', 'A14', 120, 1),
('630', '2021-10-01', '1', 'MFS043', 280, 1),
('631', '2021-11-01', '1', 'MFS043', 265, 1),
('632', '2021-12-01', '1', 'MFS043', 270, 1),
('633', '2022-01-01', '1', 'MFS043', 270, 1),
('634', '2022-02-01', '1', 'MFS043', 275, 1),
('635', '2022-03-01', '1', 'MFS043', 270, 1),
('636', '2022-04-01', '1', 'MFS043', 275, 1),
('637', '2022-05-01', '1', 'MFS043', 260, 1),
('638', '2022-06-01', '1', 'MFS043', 275, 1),
('639', '2022-07-01', '1', 'MFS043', 265, 1),
('64', '2022-02-01', '3', 'A14', 105, 1),
('640', '2021-08-01', '1', 'MFS044', 125, 1),
('641', '2021-09-01', '1', 'MFS044', 105, 1),
('642', '2021-10-01', '1', 'MFS044', 130, 1),
('643', '2021-11-01', '1', 'MFS044', 110, 1),
('644', '2021-12-01', '1', 'MFS044', 120, 1),
('645', '2022-01-01', '1', 'MFS044', 135, 1),
('646', '2022-02-01', '1', 'MFS044', 120, 1),
('647', '2022-03-01', '1', 'MFS044', 105, 1),
('648', '2022-04-01', '1', 'MFS044', 125, 1),
('649', '2022-05-01', '1', 'MFS044', 110, 1),
('65', '2022-03-01', '3', 'A14', 130, 1),
('650', '2022-06-01', '1', 'MFS044', 120, 1),
('651', '2022-07-01', '1', 'MFS044', 110, 1),
('652', '2021-08-01', '9', 'MFS045', 45, 1),
('653', '2021-09-01', '9', 'MFS045', 50, 1),
('654', '2021-10-01', '9', 'MFS045', 40, 1),
('655', '2021-11-01', '9', 'MFS045', 35, 1),
('656', '2021-12-01', '9', 'MFS045', 40, 1),
('657', '2022-01-01', '9', 'MFS045', 60, 1),
('658', '2022-02-01', '9', 'MFS045', 45, 1),
('659', '2022-03-01', '9', 'MFS045', 40, 1),
('66', '2022-04-01', '3', 'A14', 145, 1),
('660', '2022-04-01', '9', 'MFS045', 55, 1),
('661', '2022-05-01', '9', 'MFS045', 65, 1),
('662', '2022-06-01', '9', 'MFS045', 60, 1),
('663', '2022-07-01', '9', 'MFS045', 45, 1),
('664', '2021-08-01', '1', 'MFS046', 120, 1),
('665', '2021-09-01', '1', 'MFS046', 165, 1),
('666', '2021-10-01', '1', 'MFS046', 140, 1),
('667', '2021-11-01', '1', 'MFS046', 130, 1),
('668', '2021-12-01', '1', 'MFS046', 150, 1),
('669', '2022-01-01', '1', 'MFS046', 155, 1),
('67', '2022-05-01', '3', 'A14', 140, 1),
('670', '2022-02-01', '1', 'MFS046', 140, 1),
('671', '2022-03-01', '1', 'MFS046', 160, 1),
('672', '2022-04-01', '1', 'MFS046', 120, 1),
('673', '2022-05-01', '1', 'MFS046', 105, 1),
('674', '2022-06-01', '1', 'MFS046', 140, 1),
('675', '2022-07-01', '1', 'MFS046', 130, 1),
('676', '2021-08-01', '1', 'MFS048', 30, 1),
('677', '2021-09-01', '1', 'MFS048', 45, 1),
('678', '2021-10-01', '1', 'MFS048', 35, 1),
('679', '2021-11-01', '1', 'MFS048', 40, 1),
('68', '2022-06-01', '3', 'A14', 120, 1),
('680', '2021-12-01', '1', 'MFS048', 45, 1),
('681', '2022-01-01', '1', 'MFS048', 60, 1),
('682', '2022-02-01', '1', 'MFS048', 65, 1),
('683', '2022-03-01', '1', 'MFS048', 50, 1),
('684', '2022-04-01', '1', 'MFS048', 70, 1),
('685', '2022-05-01', '1', 'MFS048', 40, 1),
('686', '2022-06-01', '1', 'MFS048', 45, 1),
('687', '2022-07-01', '1', 'MFS048', 60, 1),
('688', '2021-08-01', '1', 'MFS049', 80, 1),
('689', '2021-09-01', '1', 'MFS049', 100, 1),
('69', '2022-07-01', '3', 'A14', 150, 1),
('690', '2021-10-01', '1', 'MFS049', 120, 1),
('691', '2021-11-01', '1', 'MFS049', 110, 1),
('692', '2021-12-01', '1', 'MFS049', 125, 1),
('693', '2022-01-01', '1', 'MFS049', 130, 1),
('694', '2022-02-01', '1', 'MFS049', 110, 1),
('695', '2022-03-01', '1', 'MFS049', 125, 1),
('696', '2022-04-01', '1', 'MFS049', 135, 1),
('697', '2022-05-01', '1', 'MFS049', 100, 1),
('698', '2022-06-01', '1', 'MFS049', 125, 1),
('699', '2022-07-01', '1', 'MFS049', 110, 1),
('7', '2022-03-01', '1', 'A1', 35, 1),
('70', '2021-08-01', '4', 'A15', 100, 1),
('700', '2021-08-01', '6', 'MFS050', 235, 1),
('701', '2021-09-01', '6', 'MFS050', 210, 1),
('702', '2021-10-01', '6', 'MFS050', 165, 1),
('703', '2021-11-01', '6', 'MFS050', 170, 1),
('704', '2021-12-01', '6', 'MFS050', 200, 1),
('705', '2022-01-01', '6', 'MFS050', 220, 1),
('706', '2022-02-01', '6', 'MFS050', 245, 1),
('707', '2022-03-01', '6', 'MFS050', 200, 1),
('708', '2022-04-01', '6', 'MFS050', 185, 1),
('709', '2022-05-01', '6', 'MFS050', 240, 1),
('71', '2021-09-01', '4', 'A15', 115, 1),
('710', '2022-06-01', '6', 'MFS050', 200, 1),
('711', '2022-07-01', '6', 'MFS050', 205, 1),
('712', '2021-08-01', '1', 'MFS052', 95, 1),
('713', '2021-09-01', '1', 'MFS052', 105, 1),
('714', '2021-10-01', '1', 'MFS052', 115, 1),
('715', '2021-11-01', '1', 'MFS052', 100, 1),
('716', '2021-12-01', '1', 'MFS052', 120, 1),
('717', '2022-01-01', '1', 'MFS052', 140, 1),
('718', '2022-02-01', '1', 'MFS052', 130, 1),
('719', '2022-03-01', '1', 'MFS052', 135, 1),
('72', '2021-10-01', '4', 'A15', 105, 1),
('720', '2022-04-01', '1', 'MFS052', 110, 1),
('721', '2022-05-01', '1', 'MFS052', 150, 1),
('722', '2022-06-01', '1', 'MFS052', 120, 1),
('723', '2022-07-01', '1', 'MFS052', 110, 1),
('724', '2021-08-01', '1', 'MFS053', 85, 1),
('725', '2021-09-01', '1', 'MFS053', 115, 1),
('726', '2021-10-01', '1', 'MFS053', 110, 1),
('727', '2021-11-01', '1', 'MFS053', 90, 1),
('728', '2021-12-01', '1', 'MFS053', 100, 1),
('729', '2022-01-01', '1', 'MFS053', 120, 1),
('73', '2021-11-01', '4', 'A15', 120, 1),
('730', '2022-02-01', '1', 'MFS053', 135, 1),
('731', '2022-03-01', '1', 'MFS053', 105, 1),
('732', '2022-04-01', '1', 'MFS053', 150, 1),
('733', '2022-05-01', '1', 'MFS053', 90, 1),
('734', '2022-06-01', '1', 'MFS053', 100, 1),
('735', '2022-07-01', '1', 'MFS053', 90, 1),
('736', '2021-08-01', '1', 'MFS054', 90, 1),
('737', '2021-09-01', '1', 'MFS054', 150, 1),
('738', '2021-10-01', '1', 'MFS054', 140, 1),
('739', '2021-11-01', '1', 'MFS054', 120, 1),
('74', '2021-12-01', '4', 'A15', 125, 1),
('740', '2021-12-01', '1', 'MFS054', 110, 1),
('741', '2022-01-01', '1', 'MFS054', 140, 1),
('742', '2022-02-01', '1', 'MFS054', 135, 1),
('743', '2022-03-01', '1', 'MFS054', 125, 1),
('744', '2022-04-01', '1', 'MFS054', 150, 1),
('745', '2022-05-01', '1', 'MFS054', 105, 1),
('746', '2022-06-01', '1', 'MFS054', 110, 1),
('747', '2022-07-01', '1', 'MFS054', 120, 1),
('748', '2021-08-01', '4', 'MFS055', 250, 1),
('749', '2021-09-01', '4', 'MFS055', 275, 1),
('75', '2022-01-01', '4', 'A15', 125, 1),
('750', '2021-10-01', '4', 'MFS055', 260, 1),
('751', '2021-11-01', '4', 'MFS055', 240, 1),
('752', '2021-12-01', '4', 'MFS055', 225, 1),
('753', '2022-01-01', '4', 'MFS055', 235, 1),
('754', '2022-02-01', '4', 'MFS055', 240, 1),
('755', '2022-03-01', '4', 'MFS055', 230, 1),
('756', '2022-04-01', '4', 'MFS055', 260, 1),
('757', '2022-05-01', '4', 'MFS055', 235, 1),
('758', '2022-06-01', '4', 'MFS055', 225, 1),
('759', '2022-07-01', '4', 'MFS055', 220, 1),
('76', '2022-02-01', '4', 'A15', 140, 1),
('760', '2021-08-01', '1', 'MFS056', 200, 1),
('761', '2021-09-01', '1', 'MFS056', 230, 1),
('762', '2021-10-01', '1', 'MFS056', 250, 1),
('763', '2021-11-01', '1', 'MFS056', 210, 1),
('764', '2021-12-01', '1', 'MFS056', 215, 1),
('765', '2022-01-01', '1', 'MFS056', 210, 1),
('766', '2022-02-01', '1', 'MFS056', 245, 1),
('767', '2022-03-01', '1', 'MFS056', 205, 1),
('768', '2022-04-01', '1', 'MFS056', 250, 1),
('769', '2022-05-01', '1', 'MFS056', 200, 1),
('77', '2022-03-01', '4', 'A15', 135, 1),
('770', '2022-06-01', '1', 'MFS056', 215, 1),
('771', '2022-07-01', '1', 'MFS056', 225, 1),
('772', '2021-08-01', '1', 'MFS058', 115, 1),
('773', '2021-09-01', '1', 'MFS058', 145, 1),
('774', '2021-10-01', '1', 'MFS058', 130, 1),
('775', '2021-11-01', '1', 'MFS058', 120, 1),
('776', '2021-12-01', '1', 'MFS058', 125, 1),
('777', '2022-01-01', '1', 'MFS058', 135, 1),
('778', '2022-02-01', '1', 'MFS058', 120, 1),
('779', '2022-03-01', '1', 'MFS058', 130, 1),
('78', '2022-04-01', '4', 'A15', 105, 1),
('780', '2022-04-01', '1', 'MFS058', 125, 1),
('781', '2022-05-01', '1', 'MFS058', 110, 1),
('782', '2022-06-01', '1', 'MFS058', 125, 1),
('783', '2022-07-01', '1', 'MFS058', 120, 1),
('784', '2021-08-01', '1', 'MFS059', 110, 1),
('785', '2021-09-01', '1', 'MFS059', 90, 1),
('786', '2021-10-01', '1', 'MFS059', 105, 1),
('787', '2021-11-01', '1', 'MFS059', 100, 1),
('788', '2021-12-01', '1', 'MFS059', 110, 1),
('789', '2022-01-01', '1', 'MFS059', 100, 1),
('79', '2022-05-01', '4', 'A15', 120, 1),
('790', '2022-02-01', '1', 'MFS059', 130, 1),
('791', '2022-03-01', '1', 'MFS059', 110, 1),
('792', '2022-04-01', '1', 'MFS059', 140, 1),
('793', '2022-05-01', '1', 'MFS059', 105, 1),
('794', '2022-06-01', '1', 'MFS059', 110, 1),
('795', '2022-07-01', '1', 'MFS059', 100, 1),
('796', '2021-08-01', '1', 'MFS060', 140, 1),
('797', '2021-09-01', '1', 'MFS060', 120, 1),
('798', '2021-10-01', '1', 'MFS060', 135, 1),
('799', '2021-11-01', '1', 'MFS060', 110, 1),
('8', '2022-04-01', '1', 'A1', 50, 1),
('80', '2022-06-01', '4', 'A15', 125, 1),
('800', '2021-12-01', '1', 'MFS060', 130, 1),
('801', '2022-01-01', '1', 'MFS060', 120, 1),
('802', '2022-02-01', '1', 'MFS060', 130, 1),
('803', '2022-03-01', '1', 'MFS060', 140, 1),
('804', '2022-04-01', '1', 'MFS060', 115, 1),
('805', '2022-05-01', '1', 'MFS060', 140, 1),
('806', '2022-06-01', '1', 'MFS060', 130, 1),
('807', '2022-07-01', '1', 'MFS060', 130, 1),
('808', '2021-08-01', '1', 'MFS061', 130, 1),
('809', '2021-09-01', '1', 'MFS061', 160, 1),
('81', '2022-07-01', '4', 'A15', 145, 1),
('810', '2021-10-01', '1', 'MFS061', 150, 1),
('811', '2021-11-01', '1', 'MFS061', 145, 1),
('812', '2021-12-01', '1', 'MFS061', 120, 1),
('813', '2022-01-01', '1', 'MFS061', 150, 1),
('814', '2022-02-01', '1', 'MFS061', 125, 1),
('815', '2022-03-01', '1', 'MFS061', 135, 1),
('816', '2022-04-01', '1', 'MFS061', 140, 1),
('817', '2022-05-01', '1', 'MFS061', 165, 1),
('818', '2022-06-01', '1', 'MFS061', 135, 1),
('819', '2022-07-01', '1', 'MFS061', 155, 1),
('82', '2021-08-01', '4', 'A16', 120, 1),
('820', '2021-08-01', '3', 'MFS062', 45, 1),
('821', '2021-09-01', '3', 'MFS062', 60, 1),
('822', '2021-10-01', '3', 'MFS062', 55, 1),
('823', '2021-11-01', '3', 'MFS062', 50, 1),
('824', '2021-12-01', '3', 'MFS062', 45, 1),
('825', '2022-01-01', '3', 'MFS062', 70, 1),
('826', '2022-02-01', '3', 'MFS062', 40, 1),
('827', '2022-03-01', '3', 'MFS062', 60, 1),
('828', '2022-04-01', '3', 'MFS062', 65, 1),
('829', '2022-05-01', '3', 'MFS062', 40, 1),
('83', '2021-09-01', '4', 'A16', 110, 1),
('830', '2022-06-01', '3', 'MFS062', 45, 1),
('831', '2022-07-01', '3', 'MFS062', 50, 1),
('832', '2021-08-01', '9', 'MFS063', 220, 1),
('833', '2021-09-01', '9', 'MFS063', 270, 1),
('834', '2021-10-01', '9', 'MFS063', 260, 1),
('835', '2021-11-01', '9', 'MFS063', 240, 1),
('836', '2021-12-01', '9', 'MFS063', 230, 1),
('837', '2022-01-01', '9', 'MFS063', 210, 1),
('838', '2022-02-01', '9', 'MFS063', 245, 1),
('839', '2022-03-01', '9', 'MFS063', 260, 1),
('84', '2021-10-01', '4', 'A16', 130, 1),
('840', '2022-04-01', '9', 'MFS063', 230, 1),
('841', '2022-05-01', '9', 'MFS063', 215, 1),
('842', '2022-06-01', '9', 'MFS063', 230, 1),
('843', '2022-07-01', '9', 'MFS063', 240, 1),
('844', '2021-08-01', '1', 'MFS064', 255, 1),
('845', '2021-09-01', '1', 'MFS064', 280, 1),
('846', '2021-10-01', '1', 'MFS064', 265, 1),
('847', '2021-11-01', '1', 'MFS064', 230, 1),
('848', '2021-12-01', '1', 'MFS064', 270, 1),
('849', '2022-01-01', '1', 'MFS064', 250, 1),
('85', '2021-11-01', '4', 'A16', 115, 1),
('850', '2022-02-01', '1', 'MFS064', 210, 1),
('851', '2022-03-01', '1', 'MFS064', 270, 1),
('852', '2022-04-01', '1', 'MFS064', 215, 1),
('853', '2022-05-01', '1', 'MFS064', 265, 1),
('854', '2022-06-01', '1', 'MFS064', 250, 1),
('855', '2022-07-01', '1', 'MFS064', 260, 1),
('856', '2021-08-01', '9', 'MFS065', 60, 1),
('857', '2021-09-01', '9', 'MFS065', 50, 1),
('858', '2021-10-01', '9', 'MFS065', 45, 1),
('859', '2021-11-01', '9', 'MFS065', 50, 1),
('86', '2021-12-01', '4', 'A16', 110, 1),
('860', '2021-12-01', '9', 'MFS065', 40, 1),
('861', '2022-01-01', '9', 'MFS065', 70, 1),
('862', '2022-02-01', '9', 'MFS065', 55, 1),
('863', '2022-03-01', '9', 'MFS065', 50, 1),
('864', '2022-04-01', '9', 'MFS065', 65, 1),
('865', '2022-05-01', '9', 'MFS065', 35, 1),
('866', '2022-06-01', '9', 'MFS065', 40, 1),
('867', '2022-07-01', '9', 'MFS065', 50, 1),
('868', '2021-12-01', '2', 'MFS066', 50, 1),
('869', '2022-01-01', '2', 'MFS066', 85, 1),
('87', '2022-01-01', '4', 'A16', 140, 1),
('870', '2022-02-01', '2', 'MFS066', 40, 1),
('871', '2022-03-01', '2', 'MFS066', 90, 1),
('872', '2022-04-01', '2', 'MFS066', 65, 1),
('873', '2022-05-01', '2', 'MFS066', 55, 1),
('874', '2022-06-01', '2', 'MFS066', 75, 1),
('875', '2022-07-01', '2', 'MFS066', 60, 1),
('876', '2021-08-01', '1', 'MFS067', 290, 1),
('877', '2021-09-01', '1', 'MFS067', 300, 1),
('878', '2021-10-01', '1', 'MFS067', 260, 1),
('879', '2021-11-01', '1', 'MFS067', 250, 1),
('88', '2022-02-01', '4', 'A16', 125, 1),
('880', '2021-12-01', '1', 'MFS067', 285, 1),
('881', '2022-01-01', '1', 'MFS067', 270, 1),
('882', '2022-02-01', '1', 'MFS067', 290, 1),
('883', '2022-03-01', '1', 'MFS067', 300, 1),
('884', '2022-04-01', '1', 'MFS067', 275, 1),
('885', '2022-05-01', '1', 'MFS067', 260, 1),
('886', '2022-06-01', '1', 'MFS067', 260, 1),
('887', '2022-07-01', '1', 'MFS067', 275, 1),
('888', '2021-08-01', '1', 'MFS068', 30, 1),
('889', '2021-09-01', '1', 'MFS068', 40, 1),
('89', '2022-03-01', '4', 'A16', 120, 1),
('890', '2021-10-01', '1', 'MFS068', 55, 1),
('891', '2021-11-01', '1', 'MFS068', 50, 1),
('892', '2021-12-01', '1', 'MFS068', 45, 1),
('893', '2022-01-01', '1', 'MFS068', 40, 1),
('894', '2022-02-01', '1', 'MFS068', 45, 1),
('895', '2022-03-01', '1', 'MFS068', 35, 1),
('896', '2022-04-01', '1', 'MFS068', 60, 1),
('897', '2022-05-01', '1', 'MFS068', 50, 1),
('898', '2022-06-01', '1', 'MFS068', 55, 1),
('899', '2022-07-01', '1', 'MFS068', 50, 1),
('9', '2022-05-01', '1', 'A1', 45, 1),
('90', '2022-04-01', '4', 'A16', 135, 1),
('900', '2021-08-01', '8', 'MFS069', 45, 1),
('901', '2021-09-01', '8', 'MFS069', 55, 1),
('902', '2021-10-01', '8', 'MFS069', 50, 1),
('903', '2021-11-01', '8', 'MFS069', 40, 1),
('904', '2021-12-01', '8', 'MFS069', 35, 1),
('905', '2022-01-01', '8', 'MFS069', 40, 1),
('906', '2022-02-01', '8', 'MFS069', 50, 1),
('907', '2022-03-01', '8', 'MFS069', 40, 1),
('908', '2022-04-01', '8', 'MFS069', 55, 1),
('909', '2022-05-01', '8', 'MFS069', 40, 1),
('91', '2022-05-01', '4', 'A16', 145, 1),
('910', '2022-06-01', '8', 'MFS069', 50, 1),
('911', '2022-07-01', '8', 'MFS069', 40, 1),
('912', '2021-08-01', '1', 'MFS070', 270, 1),
('913', '2021-09-01', '1', 'MFS070', 250, 1),
('914', '2021-10-01', '1', 'MFS070', 235, 1),
('915', '2021-11-01', '1', 'MFS070', 240, 1),
('916', '2021-12-01', '1', 'MFS070', 255, 1),
('917', '2022-01-01', '1', 'MFS070', 245, 1),
('918', '2022-02-01', '1', 'MFS070', 205, 1),
('919', '2022-03-01', '1', 'MFS070', 220, 1),
('92', '2022-06-01', '4', 'A16', 100, 1),
('920', '2022-04-01', '1', 'MFS070', 260, 1),
('921', '2022-05-01', '1', 'MFS070', 240, 1),
('922', '2022-06-01', '1', 'MFS070', 235, 1),
('923', '2022-07-01', '1', 'MFS070', 240, 1),
('924', '2021-08-01', '2', 'MFS071', 35, 1),
('925', '2021-09-01', '2', 'MFS071', 45, 1),
('926', '2021-10-01', '2', 'MFS071', 30, 1),
('927', '2021-11-01', '2', 'MFS071', 40, 1),
('928', '2021-12-01', '2', 'MFS071', 35, 1),
('929', '2022-01-01', '2', 'MFS071', 45, 1),
('93', '2022-07-01', '4', 'A16', 150, 1),
('930', '2022-02-01', '2', 'MFS071', 50, 1),
('931', '2022-03-01', '2', 'MFS071', 40, 1),
('932', '2022-04-01', '2', 'MFS071', 55, 1),
('933', '2022-05-01', '2', 'MFS071', 40, 1),
('934', '2022-06-01', '2', 'MFS071', 30, 1),
('935', '2022-07-01', '2', 'MFS071', 45, 1),
('936', '2021-08-01', '9', 'MFS072', 55, 1),
('937', '2021-09-01', '9', 'MFS072', 50, 1),
('938', '2021-10-01', '9', 'MFS072', 40, 1),
('939', '2021-11-01', '9', 'MFS072', 45, 1),
('94', '2021-08-01', '2', 'A17', 100, 1),
('940', '2021-12-01', '9', 'MFS072', 55, 1),
('941', '2022-01-01', '9', 'MFS072', 60, 1),
('942', '2022-02-01', '9', 'MFS072', 55, 1),
('943', '2022-03-01', '9', 'MFS072', 65, 1),
('944', '2022-04-01', '9', 'MFS072', 35, 1),
('945', '2022-05-01', '9', 'MFS072', 65, 1),
('946', '2022-06-01', '9', 'MFS072', 50, 1),
('947', '2022-07-01', '9', 'MFS072', 75, 1),
('948', '2021-08-01', '1', 'MFS073', 125, 1),
('949', '2021-09-01', '1', 'MFS073', 135, 1),
('95', '2021-09-01', '2', 'A17', 120, 1),
('950', '2021-10-01', '1', 'MFS073', 140, 1),
('951', '2021-11-01', '1', 'MFS073', 110, 1),
('952', '2021-12-01', '1', 'MFS073', 140, 1),
('953', '2022-01-01', '1', 'MFS073', 145, 1),
('954', '2022-02-01', '1', 'MFS073', 130, 1),
('955', '2022-03-01', '1', 'MFS073', 165, 1),
('956', '2022-04-01', '1', 'MFS073', 135, 1),
('957', '2022-05-01', '1', 'MFS073', 140, 1),
('958', '2022-06-01', '1', 'MFS073', 130, 1),
('959', '2022-07-01', '1', 'MFS073', 150, 1),
('96', '2021-10-01', '2', 'A17', 115, 1),
('960', '2021-08-01', '1', 'MFS074', 240, 1),
('961', '2021-09-01', '1', 'MFS074', 250, 1),
('962', '2021-10-01', '1', 'MFS074', 220, 1);
INSERT INTO `brg_msk` (`id_brgmsk`, `tgl_msk`, `id_suplier`, `id_barang`, `jml_msk`, `id_user`) VALUES
('963', '2021-11-01', '1', 'MFS074', 225, 1),
('964', '2021-12-01', '1', 'MFS074', 245, 1),
('965', '2022-01-01', '1', 'MFS074', 255, 1),
('966', '2022-02-01', '1', 'MFS074', 235, 1),
('967', '2022-03-01', '1', 'MFS074', 240, 1),
('968', '2022-04-01', '1', 'MFS074', 260, 1),
('969', '2022-05-01', '1', 'MFS074', 210, 1),
('97', '2021-11-01', '2', 'A17', 110, 1),
('970', '2022-06-01', '1', 'MFS074', 220, 1),
('971', '2022-07-01', '1', 'MFS074', 245, 1),
('972', '2021-08-01', '1', 'MFS075', 160, 1),
('973', '2021-09-01', '1', 'MFS075', 135, 1),
('974', '2021-10-01', '1', 'MFS075', 150, 1),
('975', '2021-11-01', '1', 'MFS075', 140, 1),
('976', '2021-12-01', '1', 'MFS075', 145, 1),
('977', '2022-01-01', '1', 'MFS075', 160, 1),
('978', '2022-02-01', '1', 'MFS075', 140, 1),
('979', '2022-03-01', '1', 'MFS075', 160, 1),
('98', '2021-12-01', '2', 'A17', 120, 1),
('980', '2022-04-01', '1', 'MFS075', 130, 1),
('981', '2022-05-01', '1', 'MFS075', 150, 1),
('982', '2022-06-01', '1', 'MFS075', 125, 1),
('983', '2022-07-01', '1', 'MFS075', 140, 1),
('984', '2021-08-01', '1', 'MFS076', 65, 1),
('985', '2021-09-01', '1', 'MFS076', 40, 1),
('986', '2021-10-01', '1', 'MFS076', 55, 1),
('987', '2021-11-01', '1', 'MFS076', 55, 1),
('988', '2021-12-01', '1', 'MFS076', 65, 1),
('989', '2022-01-01', '1', 'MFS076', 50, 1),
('99', '2022-01-01', '2', 'A17', 105, 1),
('990', '2022-02-01', '1', 'MFS076', 55, 1),
('991', '2022-03-01', '1', 'MFS076', 50, 1),
('992', '2022-04-01', '1', 'MFS076', 55, 1),
('993', '2022-05-01', '1', 'MFS076', 45, 1),
('994', '2022-06-01', '1', 'MFS076', 45, 1),
('995', '2022-07-01', '1', 'MFS076', 40, 1),
('996', '2021-08-01', '1', 'MFS077', 135, 1),
('997', '2021-09-01', '1', 'MFS077', 145, 1),
('998', '2021-10-01', '1', 'MFS077', 105, 1),
('999', '2021-11-01', '1', 'MFS077', 100, 1),
('MSK-1204', '2023-02-22', '1', 'A10', 20, 1);

-- --------------------------------------------------------

--
-- Struktur dari tabel `contoh`
--

CREATE TABLE `contoh` (
  `id` int(5) NOT NULL,
  `kode` varchar(20) NOT NULL,
  `nilai` int(2) NOT NULL
) ENGINE=InnoDB DEFAULT CHARSET=utf8mb4 COLLATE=utf8mb4_general_ci;

--
-- Dumping data untuk tabel `contoh`
--

INSERT INTO `contoh` (`id`, `kode`, `nilai`) VALUES
(1, 'A1', 1),
(2, 'A10', 1),
(3, 'A11', 1),
(4, 'A12', 1),
(5, 'A13', 2),
(6, 'A14', 3),
(7, 'A15', 4),
(8, 'A16', 4),
(9, 'A17', 2),
(10, 'A18', 1),
(11, 'A19', 1),
(12, 'A2', 1),
(13, 'A20', 1),
(14, 'A21', 1),
(15, 'A3', 1),
(16, 'A4', 1),
(17, 'A5', 1),
(18, 'A6', 1),
(19, 'A7', 1),
(20, 'A8', 1),
(21, 'A9', 1),
(22, 'MFS003', 1),
(23, 'MFS004', 1),
(24, 'MFS005', 1),
(25, 'MFS007', 5),
(26, 'MFS008', 1),
(27, 'MFS014', 6),
(28, 'MFS015', 7),
(29, 'MFS016', 7),
(30, 'MFS017', 7),
(31, 'MFS018', 7),
(32, 'MFS019', 1),
(33, 'MFS020', 1),
(34, 'MFS021', 1),
(35, 'MFS022', 7),
(36, 'MFS023', 1),
(37, 'MFS024', 1),
(38, 'MFS025', 1),
(39, 'MFS026', 7),
(40, 'MFS027', 7),
(41, 'MFS028', 1),
(42, 'MFS029', 1),
(43, 'MFS030', 6),
(44, 'MFS031', 6),
(45, 'MFS032', 6),
(46, 'MFS033', 6),
(47, 'MFS034', 1),
(48, 'MFS035', 6),
(49, 'MFS036', 6),
(50, 'MFS037', 1),
(51, 'MFS038', 8),
(52, 'MFS039', 1),
(53, 'MFS040', 1),
(54, 'MFS041', 1),
(55, 'MFS043', 1),
(56, 'MFS044', 1),
(57, 'MFS045', 9),
(58, 'MFS046', 1),
(59, 'MFS048', 1),
(60, 'MFS049', 1),
(61, 'MFS050', 6),
(62, 'MFS052', 1),
(63, 'MFS053', 1),
(64, 'MFS054', 1),
(65, 'MFS055', 4),
(66, 'MFS056', 1),
(67, 'MFS058', 1),
(68, 'MFS059', 1),
(69, 'MFS060', 1),
(70, 'MFS061', 1),
(71, 'MFS062', 3),
(72, 'MFS063', 9),
(73, 'MFS064', 1),
(74, 'MFS065', 9),
(75, 'MFS066', 2),
(76, 'MFS067', 1),
(77, 'MFS068', 1),
(78, 'MFS069', 8),
(79, 'MFS070', 1),
(80, 'MFS071', 2),
(81, 'MFS072', 9),
(82, 'MFS073', 1),
(83, 'MFS074', 1),
(84, 'MFS075', 1),
(85, 'MFS076', 1),
(86, 'MFS077', 1),
(87, 'MFS078', 1),
(88, 'MFS079', 1),
(89, 'MFS080', 3),
(90, 'MFS081', 1),
(91, 'MFS082', 1),
(92, 'MFS083', 8),
(93, 'MFS084', 2),
(94, 'MFS085', 1),
(95, 'MFS086', 5),
(96, 'MFS087', 1),
(97, 'MFS088', 1),
(98, 'MFS089', 1),
(99, 'MFS090', 1),
(100, 'MFS091', 2),
(101, 'MFS092', 9),
(102, 'MFS093', 1),
(103, 'MFS096', 10);

-- --------------------------------------------------------

--
-- Struktur dari tabel `hasil`
--

CREATE TABLE `hasil` (
  `id` int(5) NOT NULL,
  `bulan` date NOT NULL,
  `wma3` float NOT NULL,
  `wma4` float NOT NULL,
  `wma5` float NOT NULL,
  `wma6` float NOT NULL,
  `error3` float NOT NULL,
  `error4` float NOT NULL,
  `error5` float NOT NULL,
  `error6` float NOT NULL
) ENGINE=InnoDB DEFAULT CHARSET=utf8mb4 COLLATE=utf8mb4_general_ci;

--
-- Dumping data untuk tabel `hasil`
--

INSERT INTO `hasil` (`id`, `bulan`, `wma3`, `wma4`, `wma5`, `wma6`, `error3`, `error4`, `error5`, `error6`) VALUES
(5300, '2022-04-01', 30, 31.5, 31.6667, 31.9048, 14.2857, 10, 9.52371, 8.84343),
(5301, '2022-03-01', 35.8333, 35, 34.6667, 34.0476, 43.3332, 40, 38.6668, 36.1904),
(5302, '2022-02-01', 38.3333, 37, 35.6667, 34.2857, 27.7777, 23.3333, 18.889, 14.2857),
(5303, '2022-01-01', 31.6667, 31, 30, 0, 29.6296, 31.1111, 33.3333, 0),
(5304, '2021-12-01', 28.3333, 27.5, 0, 0, 19.0477, 21.4286, 0, 0),
(5305, '2021-11-01', 29.1667, 0, 0, 0, 16.6668, 0, 0, 0),
(5306, '2021-10-01', 0, 0, 0, 0, 0, 0, 0, 0),
(5307, '2021-09-01', 0, 0, 0, 0, 0, 0, 0, 0),
(5308, '2021-08-01', 0, 0, 0, 0, 0, 0, 0, 0);

-- --------------------------------------------------------

--
-- Struktur dari tabel `hasil_analisis`
--

CREATE TABLE `hasil_analisis` (
  `id` int(11) NOT NULL,
  `id_barang` varchar(20) NOT NULL,
  `bulan` date NOT NULL,
  `hasil` float NOT NULL
) ENGINE=InnoDB DEFAULT CHARSET=utf8mb4 COLLATE=utf8mb4_general_ci;

--
-- Dumping data untuk tabel `hasil_analisis`
--

INSERT INTO `hasil_analisis` (`id`, `id_barang`, `bulan`, `hasil`) VALUES
(252, 'A10', '2022-08-01', 39.2857),
(253, 'MFS003', '2022-08-01', 39),
(255, 'MFS023', '2022-08-01', 165.833),
(256, 'A16', '2022-08-01', 81.4286),
(257, 'MFS025', '2022-08-01', 81.5),
(259, 'MFS022', '2022-08-01', 220.833),
(260, 'A10', '2022-04-01', 31.9048);

-- --------------------------------------------------------

--
-- Struktur dari tabel `jenis`
--

CREATE TABLE `jenis` (
  `id_jenis` int(5) NOT NULL,
  `nm_jenis` varchar(20) NOT NULL,
  `is_delete` enum('0','1') NOT NULL
) ENGINE=InnoDB DEFAULT CHARSET=utf8mb4 COLLATE=utf8mb4_general_ci;

--
-- Dumping data untuk tabel `jenis`
--

INSERT INTO `jenis` (`id_jenis`, `nm_jenis`, `is_delete`) VALUES
(1, 'NC', '0'),
(2, 'WS', '0'),
(3, 'TEAK', '0'),
(4, 'BIO', '0'),
(5, 'Detergent', '0'),
(6, 'EL', '0'),
(7, 'AF', '0'),
(8, 'CAT', '0'),
(9, 'GLAZE', '0'),
(10, 'MILAN', '0'),
(11, 'TC', '0'),
(12, 'PU', '0'),
(13, 'Bubuk ', '0'),
(14, 'CAT ', '0'),
(15, 'SPET', '0'),
(16, 'DEMPUL', '0'),
(17, 'KUAS', '0'),
(18, 'MINYAK', '0'),
(19, 'DNT', '0'),
(20, 'Politur', '0'),
(21, 'GLAZE ', '0'),
(22, 'tc', '1'),
(23, 'Cat Pelapis', '1'),
(24, 'Cat Pelapis', '0');

-- --------------------------------------------------------

--
-- Struktur dari tabel `mwa`
--

CREATE TABLE `mwa` (
  `id` int(5) NOT NULL,
  `periode` int(5) NOT NULL,
  `bulan` date NOT NULL,
  `jumlah` int(10) NOT NULL
) ENGINE=InnoDB DEFAULT CHARSET=utf8mb4 COLLATE=utf8mb4_general_ci;

-- --------------------------------------------------------

--
-- Struktur dari tabel `satuan`
--

CREATE TABLE `satuan` (
  `id_satuan` int(5) NOT NULL,
  `nm_satuan` varchar(20) NOT NULL,
  `is_delete` enum('0','1') NOT NULL
) ENGINE=InnoDB DEFAULT CHARSET=utf8mb4 COLLATE=utf8mb4_general_ci;

--
-- Dumping data untuk tabel `satuan`
--

INSERT INTO `satuan` (`id_satuan`, `nm_satuan`, `is_delete`) VALUES
(1, 'Liter', '0'),
(2, 'Galon', '0'),
(3, 'PCS', '0'),
(4, 'Botol', '0'),
(5, 'Kaleng', '0'),
(6, 'Jirigen', '0'),
(7, 'Pail', '0'),
(8, 'SET', '0'),
(9, 'KG', '0'),
(10, 'kg', '1'),
(11, 'Pacs', '1'),
(12, 'Pack', '0');

-- --------------------------------------------------------

--
-- Struktur dari tabel `suplier`
--

CREATE TABLE `suplier` (
  `id_suplier` int(5) NOT NULL,
  `suplier` text NOT NULL,
  `nama` text NOT NULL,
  `no_telp` text NOT NULL,
  `alamat` text NOT NULL,
  `is_delete` enum('0','1') NOT NULL
) ENGINE=InnoDB DEFAULT CHARSET=utf8mb4 COLLATE=utf8mb4_general_ci;

--
-- Dumping data untuk tabel `suplier`
--

INSERT INTO `suplier` (`id_suplier`, `suplier`, `nama`, `no_telp`, `alamat`, `is_delete`) VALUES
(1, 'DHARMA YATINDO', 'FINISHING LOKAL', '(0291)5745938', 'jepara', '0'),
(2, 'GOLDEN CARE', 'GOLDEN CARE', '089-347-532-466', 'jepara', '0'),
(3, 'VARY ISTANA HARDWARE', 'DIVINO 1711.1', '0813-2570-5074', 'jepara', '0'),
(4, 'AL JAWAD', 'FIN HERI', '085-345-651-163', 'jepara', '0'),
(5, 'TK VARY 2', 'FIN HERI', '0813-2570-5074', 'jepara', '0'),
(6, 'PROPAN', 'CANNA BALI', '(0291)594372', 'jepara', '0'),
(7, 'MITRA ARTHA MANDIRI', 'LOKAL', '085-304-350-779', 'semarang', '0'),
(8, 'TK YUSUF', 'CEMEL 22-9', '089-530-366-705', 'jepara', '0'),
(9, 'PT KREASI SENTOSA ABADI', 'TOOLMANS 0504', '(024)76435779', 'semarang', '0'),
(10, 'DARWI BRASS', 'CEMEL 22-9', '089-605-619-033', 'jepara', '0'),
(27, 'PT Agro', 'FINISHING LOKAL', '089788', 'jepara', '1'),
(28, 'PT Agro ', 'Nining Rosiana', '083983', 'Jepara', '1'),
(29, 'Pt Abadi', 'FINISHING LOKAL', '08297828', 'Jepara', '0');

-- --------------------------------------------------------

--
-- Struktur dari tabel `user`
--

CREATE TABLE `user` (
  `id_user` int(5) NOT NULL,
  `nama` text NOT NULL,
  `email` text NOT NULL,
  `no_telp` text NOT NULL,
  `username` text NOT NULL,
  `password` text NOT NULL,
  `gambar` text NOT NULL,
  `role` enum('1','2','3') NOT NULL,
  `is_delete` enum('0','1') NOT NULL
) ENGINE=InnoDB DEFAULT CHARSET=utf8mb4 COLLATE=utf8mb4_general_ci;

--
-- Dumping data untuk tabel `user`
--

INSERT INTO `user` (`id_user`, `nama`, `email`, `no_telp`, `username`, `password`, `gambar`, `role`, `is_delete`) VALUES
(1, 'Nining Rosiana', 'nining@gmail.com', '082326523991', 'admin', 'admin', '1673882307_2c706df1e742ca29d991.jpg', '1', '0'),
(4, 'Umar', 'umar@gmail.comaa', '085330345919', 'karyawan1', 'karyawan1', '1673172619_817b14360132d8bee31a.png', '2', '1'),
(5, 'Heri', 'Heri@gmail.com', '089874564598', 'karyawan2', 'karyawan2 ', '1673166426_8e253731fa2add7d4f9c.png', '2', '1'),
(6, 'Usman', 'usman@gmail.com', '089874564598', 'karyawan1', 'karyawan 1', '1673882881_44502fab2420845225b3.png', '2', '0'),
(7, 'Feri', 'feri@gmail.com', '085932456689', 'karyawan2', '2', '1673882942_13724cff6ac2617cf956.png', '2', '1'),
(8, 'budi', 'budi@gmail.com', '97988', 'karyawan 3', '3', '1674017517_81f292f45bdf926b3bd0.png', '2', '1'),
(9, 'Mukhofifin', 'fifin@gmail.com', '085234967285', 'admin', 'admin2', '1674558372_d73ea8688d00860187ac.png', '1', '1'),
(10, 'budi', 'budi@gmail.com', '0283683736', 'budi', 'n', '1677063131_37ee6e0fcf5caf619af7.png', '2', '1'),
(11, 'budi', 'budi@gmail.com', '02893789', 'budi', 'b', '1677120421_df6194db34fcfc080929.png', '2', '0');

--
-- Indexes for dumped tables
--

--
-- Indeks untuk tabel `aktual`
--
ALTER TABLE `aktual`
  ADD PRIMARY KEY (`id`);

--
-- Indeks untuk tabel `barang`
--
ALTER TABLE `barang`
  ADD PRIMARY KEY (`id_barang`);

--
-- Indeks untuk tabel `brg_klr`
--
ALTER TABLE `brg_klr`
  ADD PRIMARY KEY (`id_brgklr`);

--
-- Indeks untuk tabel `brg_msk`
--
ALTER TABLE `brg_msk`
  ADD PRIMARY KEY (`id_brgmsk`);

--
-- Indeks untuk tabel `contoh`
--
ALTER TABLE `contoh`
  ADD PRIMARY KEY (`id`);

--
-- Indeks untuk tabel `hasil`
--
ALTER TABLE `hasil`
  ADD PRIMARY KEY (`id`);

--
-- Indeks untuk tabel `hasil_analisis`
--
ALTER TABLE `hasil_analisis`
  ADD PRIMARY KEY (`id`);

--
-- Indeks untuk tabel `jenis`
--
ALTER TABLE `jenis`
  ADD PRIMARY KEY (`id_jenis`);

--
-- Indeks untuk tabel `mwa`
--
ALTER TABLE `mwa`
  ADD PRIMARY KEY (`id`);

--
-- Indeks untuk tabel `satuan`
--
ALTER TABLE `satuan`
  ADD PRIMARY KEY (`id_satuan`);

--
-- Indeks untuk tabel `suplier`
--
ALTER TABLE `suplier`
  ADD PRIMARY KEY (`id_suplier`);

--
-- Indeks untuk tabel `user`
--
ALTER TABLE `user`
  ADD PRIMARY KEY (`id_user`);

--
-- AUTO_INCREMENT untuk tabel yang dibuang
--

--
-- AUTO_INCREMENT untuk tabel `aktual`
--
ALTER TABLE `aktual`
  MODIFY `id` int(5) NOT NULL AUTO_INCREMENT, AUTO_INCREMENT=5536;

--
-- AUTO_INCREMENT untuk tabel `contoh`
--
ALTER TABLE `contoh`
  MODIFY `id` int(5) NOT NULL AUTO_INCREMENT, AUTO_INCREMENT=104;

--
-- AUTO_INCREMENT untuk tabel `hasil`
--
ALTER TABLE `hasil`
  MODIFY `id` int(5) NOT NULL AUTO_INCREMENT, AUTO_INCREMENT=5309;

--
-- AUTO_INCREMENT untuk tabel `hasil_analisis`
--
ALTER TABLE `hasil_analisis`
  MODIFY `id` int(11) NOT NULL AUTO_INCREMENT, AUTO_INCREMENT=261;

--
-- AUTO_INCREMENT untuk tabel `jenis`
--
ALTER TABLE `jenis`
  MODIFY `id_jenis` int(5) NOT NULL AUTO_INCREMENT, AUTO_INCREMENT=25;

--
-- AUTO_INCREMENT untuk tabel `mwa`
--
ALTER TABLE `mwa`
  MODIFY `id` int(5) NOT NULL AUTO_INCREMENT, AUTO_INCREMENT=60193;

--
-- AUTO_INCREMENT untuk tabel `satuan`
--
ALTER TABLE `satuan`
  MODIFY `id_satuan` int(5) NOT NULL AUTO_INCREMENT, AUTO_INCREMENT=13;

--
-- AUTO_INCREMENT untuk tabel `suplier`
--
ALTER TABLE `suplier`
  MODIFY `id_suplier` int(5) NOT NULL AUTO_INCREMENT, AUTO_INCREMENT=30;

--
-- AUTO_INCREMENT untuk tabel `user`
--
ALTER TABLE `user`
  MODIFY `id_user` int(5) NOT NULL AUTO_INCREMENT, AUTO_INCREMENT=12;
COMMIT;

/*!40101 SET CHARACTER_SET_CLIENT=@OLD_CHARACTER_SET_CLIENT */;
/*!40101 SET CHARACTER_SET_RESULTS=@OLD_CHARACTER_SET_RESULTS */;
/*!40101 SET COLLATION_CONNECTION=@OLD_COLLATION_CONNECTION */;
